[
  {
    "id" : "hl7.fhir.pt.terminology",
    "type" : "ImplementationGuide",
    "url" : "http://hl7.pt/fhir/ImplementationGuide/hl7.fhir.pt.terminology",
    "version" : "1.0.0",
    "name" : "TerminologyPT"
  },
  {
    "id" : "cparm-routes-cs",
    "type" : "CodeSystem",
    "url" : "https://hl7-pt.github.io/terminologias/CodeSystem-cparm-routes",
    "version" : "1.0.0",
    "name" : "CPARMRoutesCS"
  },
  {
    "id" : "cparm-units-presentation-cs",
    "type" : "CodeSystem",
    "url" : "https://hl7-pt.github.io/terminologias/CodeSystem-cparm-units-presentation",
    "version" : "1.0.0",
    "name" : "CPARMUnitsPresentationCS"
  },
  {
    "id" : "especialidades-enfermagem-cs",
    "type" : "CodeSystem",
    "url" : "https://hl7-pt.github.io/terminologias/CodeSystem-especialidades-enfermagem",
    "version" : "1.0.0",
    "name" : "EspecialidadesEnfermagemCS"
  },
  {
    "id" : "especialidades-farmaceuticas-cs",
    "type" : "CodeSystem",
    "url" : "https://hl7-pt.github.io/terminologias/CodeSystem-especialidades-farmaceuticas",
    "version" : "1.0.0",
    "name" : "EspecialidadesFarmaceuticasCS"
  },
  {
    "id" : "especialidades-medicas-cs",
    "type" : "CodeSystem",
    "url" : "https://hl7-pt.github.io/terminologias/CodeSystem-especialidades-medicas",
    "version" : "1.0.0",
    "name" : "EspecialidadesMedicasCS"
  },
  {
    "id" : "mcdts-a-analises-cs",
    "type" : "CodeSystem",
    "url" : "https://hl7-pt.github.io/terminologias/CodeSystem-mcdts-a-analises",
    "version" : "1.0.0",
    "name" : "MCDTSA_AnalisesCS"
  },
  {
    "id" : "mcdts-b-anatomia-cs",
    "type" : "CodeSystem",
    "url" : "https://hl7-pt.github.io/terminologias/CodeSystem-mcdts-b-anatomia",
    "version" : "1.0.0",
    "name" : "MCDTSB_AnatomiaCS"
  },
  {
    "id" : "mcdts-c-cardiologia-cs",
    "type" : "CodeSystem",
    "url" : "https://hl7-pt.github.io/terminologias/CodeSystem-mcdts-c-cardiologia",
    "version" : "1.0.0",
    "name" : "MCDTSC_CardiologiaCS"
  },
  {
    "id" : "mcdts-d-m-nuclear-cs",
    "type" : "CodeSystem",
    "url" : "https://hl7-pt.github.io/terminologias/CodeSystem-mcdts-d-m-nuclear",
    "version" : "1.0.0",
    "name" : "MCDTSD_MNuclearCS"
  },
  {
    "id" : "mcdts-e-eeg-cs",
    "type" : "CodeSystem",
    "url" : "https://hl7-pt.github.io/terminologias/CodeSystem-mcdts-e-eeg",
    "version" : "1.0.0",
    "name" : "MCDTSE_EEGCS"
  },
  {
    "id" : "mcdts-f-gastrenterologia-cs",
    "type" : "CodeSystem",
    "url" : "https://hl7-pt.github.io/terminologias/CodeSystem-mcdts-f-gastrenterologia",
    "version" : "1.0.0",
    "name" : "MCDTSF_GastrenterologiaCS"
  },
  {
    "id" : "mcdts-g-mfr-cs",
    "type" : "CodeSystem",
    "url" : "https://hl7-pt.github.io/terminologias/CodeSystem-mcdts-g-mfr",
    "version" : "1.0.0",
    "name" : "MCDTSG_MFRCS"
  },
  {
    "id" : "mcdts-h-orl-cs",
    "type" : "CodeSystem",
    "url" : "https://hl7-pt.github.io/terminologias/CodeSystem-mcdts-h-orl",
    "version" : "1.0.0",
    "name" : "MCDTSH_ORLCS"
  },
  {
    "id" : "mcdts-i-pneumologia-imunoalergologia-cs",
    "type" : "CodeSystem",
    "url" : "https://hl7-pt.github.io/terminologias/CodeSystem-mcdts-i-pneumologia-imunoalergologia",
    "version" : "1.0.0",
    "name" : "MCDTSI_Pneumologia_ImunoalergologiaCS"
  },
  {
    "id" : "mcdts-j-urologia-cs",
    "type" : "CodeSystem",
    "url" : "https://hl7-pt.github.io/terminologias/CodeSystem-mcdts-j-urologia",
    "version" : "1.0.0",
    "name" : "MCDTSJ_UrologiaCS"
  },
  {
    "id" : "mcdts-l-neurofisiologia-cs",
    "type" : "CodeSystem",
    "url" : "https://hl7-pt.github.io/terminologias/CodeSystem-mcdts-l-neurofisiologia",
    "version" : "1.0.0",
    "name" : "MCDTSL_NeurofisiologiaCS"
  },
  {
    "id" : "mcdts-m-radiologia-cs",
    "type" : "CodeSystem",
    "url" : "https://hl7-pt.github.io/terminologias/CodeSystem-mcdts-m-radiologia",
    "version" : "1.0.0",
    "name" : "MCDTSM_RadiologiaCS"
  },
  {
    "id" : "subsistemas-saude-cs",
    "type" : "CodeSystem",
    "url" : "https://hl7-pt.github.io/terminologias/CodeSystem-subsistemas-saude",
    "version" : "1.0.0",
    "name" : "SubsistemasSaudeCS"
  },
  {
    "id" : "sonho-admission-causes-cs",
    "type" : "CodeSystem",
    "url" : "https://hl7.pt/fhir/CodeSystem/sonho-admission-causes",
    "version" : "1.0.0",
    "name" : "SONHO_AdmissionCausesCS"
  },
  {
    "id" : "sonho-discharge-destination-cs",
    "type" : "CodeSystem",
    "url" : "https://hl7.pt/fhir/CodeSystem/sonho-discharge-destination",
    "version" : "1.0.0",
    "name" : "SONHO_DischargeDestinationCS"
  },
  {
    "id" : "ctc-unit-edqm",
    "type" : "ConceptMap",
    "url" : "https://hl7.pt/fhir/Terminologias/ConceptMap/ctc-unit-edqm",
    "version" : "1.0.0",
    "name" : "CTCUnitEDQM"
  },
  {
    "id" : "esp-enfer-snomed",
    "type" : "ConceptMap",
    "url" : "https://hl7.pt/fhir/Terminologias/ConceptMap/esp-enfer-snomed",
    "version" : "1.0.0",
    "name" : "ESP-Enferm-SNOMED"
  },
  {
    "id" : "esp-farm-snomed",
    "type" : "ConceptMap",
    "url" : "https://hl7.pt/fhir/Terminologias/ConceptMap/esp-farm-snomed",
    "version" : "1.0.0",
    "name" : "ESP-FARM-SNOMED"
  },
  {
    "id" : "mcdts-a-analises-sns-conv",
    "type" : "ConceptMap",
    "url" : "https://hl7.pt/fhir/Terminologias/ConceptMap/mcdts-a-analises-sns-conv",
    "version" : "1.0.0",
    "name" : "MCDTS-a-analises-SNS-CONV"
  },
  {
    "id" : "mcdts-b-anatomia-sns-conv",
    "type" : "ConceptMap",
    "url" : "https://hl7.pt/fhir/Terminologias/ConceptMap/mcdts-b-anatomia-sns-conv",
    "version" : "1.0.0",
    "name" : "MCDTS-b-anatomia-SNS-CONV"
  },
  {
    "id" : "mcdts-c-cardiologia-sns-conv",
    "type" : "ConceptMap",
    "url" : "https://hl7.pt/fhir/Terminologias/ConceptMap/mcdts-c-cardiologia-sns-conv",
    "version" : "1.0.0",
    "name" : "MCDTS-c-cardiologia-SNS-CONV"
  },
  {
    "id" : "mcdts-d-m-nuclear-sns-conv",
    "type" : "ConceptMap",
    "url" : "https://hl7.pt/fhir/Terminologias/ConceptMap/mcdts-d-m-nuclear-sns-conv",
    "version" : "1.0.0",
    "name" : "MCDTS-d-m-nuclear-SNS-CONV"
  },
  {
    "id" : "mcdts-e-eeg-sns-conv",
    "type" : "ConceptMap",
    "url" : "https://hl7.pt/fhir/Terminologias/ConceptMap/mcdts-e-eeg-sns-conv",
    "version" : "1.0.0",
    "name" : "MCDTS-e-eeg-SNS-CONV"
  },
  {
    "id" : "mcdts-f-gastrenterologia-sns-conv",
    "type" : "ConceptMap",
    "url" : "https://hl7.pt/fhir/Terminologias/ConceptMap/mcdts-f-gastrenterologia-sns-conv",
    "version" : "1.0.0",
    "name" : "MCDTS-f-gastrenterologia-SNS-CONV"
  },
  {
    "id" : "mcdts-g-mfr-sns-conv",
    "type" : "ConceptMap",
    "url" : "https://hl7.pt/fhir/Terminologias/ConceptMap/mcdts-g-mfr-sns-conv",
    "version" : "1.0.0",
    "name" : "MCDTS-g-mfr-SNS-CONV"
  },
  {
    "id" : "mcdts-h-orl-sns-conv",
    "type" : "ConceptMap",
    "url" : "https://hl7.pt/fhir/Terminologias/ConceptMap/mcdts-h-orl-sns-conv",
    "version" : "1.0.0",
    "name" : "MCDTS-h-orl-SNS-CONV"
  },
  {
    "id" : "mcdts-i-pneumologia-imunoalergologia-sns-conv",
    "type" : "ConceptMap",
    "url" : "https://hl7.pt/fhir/Terminologias/ConceptMap/mcdts-i-pneumologia-imunoalergologia-sns-conv",
    "version" : "1.0.0",
    "name" : "MCDTS-i-pneumologia-imunoalergologia-SNS-CONV"
  },
  {
    "id" : "mcdts-j-urologia-sns-conv",
    "type" : "ConceptMap",
    "url" : "https://hl7.pt/fhir/Terminologias/ConceptMap/mcdts-j-urologia-sns-conv",
    "version" : "1.0.0",
    "name" : "MCDTS-j-urologia-SNS-CONV"
  },
  {
    "id" : "mcdts-l-neurofisiologia-sns-conv",
    "type" : "ConceptMap",
    "url" : "https://hl7.pt/fhir/Terminologias/ConceptMap/mcdts-l-neurofisiologia-sns-conv",
    "version" : "1.0.0",
    "name" : "MCDTS-l-neurofisiologia-SNS-CONV"
  },
  {
    "id" : "mcdts-m-radiologia-sns-conv",
    "type" : "ConceptMap",
    "url" : "https://hl7.pt/fhir/Terminologias/ConceptMap/mcdts-m-radiologia-sns-conv",
    "version" : "1.0.0",
    "name" : "MCDTS-m-radiologia-SNS-CONV"
  },
  {
    "id" : "sonho-admission-causes-to-snomed",
    "type" : "ConceptMap",
    "url" : "https://hl7.pt/fhir/Terminologias/ConceptMap/sonho-admission-causes-to-snomed",
    "version" : "1.0.0",
    "name" : "SONHOAdmissionCausesToSNOMED"
  },
  {
    "id" : "sonho-discharge-destination-to-snomed",
    "type" : "ConceptMap",
    "url" : "https://hl7.pt/fhir/Terminologias/ConceptMap/sonho-discharge-destination-to-snomed",
    "version" : "1.0.0",
    "name" : "SONHODischargeDestinationToSNOMED"
  }
]
