<?xml version="1.0" encoding="UTF-8"?>

<CodeSystem xmlns="http://hl7.org/fhir">
  <id value="mcdts-i-pneumologia-imunoalergologia-cs"/>
  <text>
    <status value="generated"/><div xmlns="http://www.w3.org/1999/xhtml"><p class="res-header-id"><b>Narrativa gerada: CodeSystem mcdts-i-pneumologia-imunoalergologia-cs</b></p><a name="mcdts-i-pneumologia-imunoalergologia-cs"> </a><a name="hcmcdts-i-pneumologia-imunoalergologia-cs"> </a><p><b>Propriedades</b></p><p><b>Este sistema de códigos define as seguintes propriedades para os seus conceitos</b></p><table class="grid"><tr><td><b>Nome</b></td><td><b>Código</b></td><td><b>Tipo</b></td><td><b>Descrição</b></td></tr><tr><td>preco</td><td>preco</td><td>decimal</td><td>Preço do MCDT</td></tr><tr><td>taxa</td><td>taxa</td><td>decimal</td><td>Taxa Moderadora</td></tr></table><p><b>Conceitos</b></p><p>Este  sistema de código <code>https://hl7-pt.github.io/terminologias/CodeSystem-mcdts-i-pneumologia-imunoalergologia</code> define o seguinte códigos:</p><table class="codes"><tr><td style="white-space:nowrap"><b>Código</b></td><td><b>Ecrã</b></td><td><b>Definição</b></td><td><b>preco</b></td><td><b>taxa</b></td></tr><tr><td style="white-space:nowrap">80010<a name="mcdts-i-pneumologia-imunoalergologia-cs-80010"> </a></td><td>Espirometria, incluindo curva débito volume</td><td>Espirometria, incluindo curva débito volume</td><td>17.48</td><td>4.5</td></tr><tr><td style="white-space:nowrap">80040<a name="mcdts-i-pneumologia-imunoalergologia-cs-80040"> </a></td><td>Capacidade residual funcional ou volume residual (hélio/azoto)</td><td>Capacidade residual funcional ou volume residual (hélio/azoto)</td><td>16.63</td><td>4.5</td></tr><tr><td style="white-space:nowrap">80100<a name="mcdts-i-pneumologia-imunoalergologia-cs-80100"> </a></td><td>Pletismografia corporal: estudo da resistência das vias aéreas e volume de gás intratorácico</td><td>Pletismografia corporal: estudo da resistência das vias aéreas e volume de gás intratorácico</td><td>19.23</td><td>5</td></tr><tr><td style="white-space:nowrap">80110<a name="mcdts-i-pneumologia-imunoalergologia-cs-80110"> </a></td><td>Prova de broncodilatação (acresce à prova basal)</td><td>Prova de broncodilatação (acresce à prova basal)</td><td>23.4</td><td>6</td></tr><tr><td style="white-space:nowrap">80115<a name="mcdts-i-pneumologia-imunoalergologia-cs-80115"> </a></td><td>Prova de broncoconstrição com água destilada/soluto hipertónico (acresce à prova basal)</td><td>Prova de broncoconstrição com água destilada/soluto hipertónico (acresce à prova basal)</td><td>25.96</td><td>6</td></tr><tr><td style="white-space:nowrap">80117<a name="mcdts-i-pneumologia-imunoalergologia-cs-80117"> </a></td><td>Prova de broncoconstrição de esforço, com bicicleta ou tapete rolante (acresce à prova basal)</td><td>Prova de broncoconstrição de esforço, com bicicleta ou tapete rolante (acresce à prova basal)</td><td>25.96</td><td>8</td></tr><tr><td style="white-space:nowrap">80121<a name="mcdts-i-pneumologia-imunoalergologia-cs-80121"> </a></td><td>Prova de broncoconstrição com metacolina (acresce à prova basal)</td><td>Prova de broncoconstrição com metacolina (acresce à prova basal)</td><td>25.96</td><td>13</td></tr><tr><td style="white-space:nowrap">80130<a name="mcdts-i-pneumologia-imunoalergologia-cs-80130"> </a></td><td>Prova de broncoconstrição específica com alergénios (acresce à prova basal)</td><td>Prova de broncoconstrição específica com alergénios (acresce à prova basal)</td><td>19.23</td><td>15</td></tr><tr><td style="white-space:nowrap">80160<a name="mcdts-i-pneumologia-imunoalergologia-cs-80160"> </a></td><td>Capacidade de difusão do CO por respiração única</td><td>Capacidade de difusão do CO por respiração única</td><td>20.39</td><td>6</td></tr><tr><td style="white-space:nowrap">80170<a name="mcdts-i-pneumologia-imunoalergologia-cs-80170"> </a></td><td>Capacidade de difusão do CO por equilíbrio estável</td><td>Capacidade de difusão do CO por equilíbrio estável</td><td>22.43</td><td>7</td></tr><tr><td style="white-space:nowrap">80200<a name="mcdts-i-pneumologia-imunoalergologia-cs-80200"> </a></td><td>Prova de exercício com avaliação de parâmetros cardio-respiratórios em tapete rolante ou bicicleta ergonómica</td><td>Prova de exercício com avaliação de parâmetros cardio-respiratórios em tapete rolante ou bicicleta ergonómica</td><td>37.76</td><td>14</td></tr><tr><td style="white-space:nowrap">81261<a name="mcdts-i-pneumologia-imunoalergologia-cs-81261"> </a></td><td>Ventilação com pressão positiva contínua (CPAP), por cada dia (inclui oximetria)</td><td>Ventilação com pressão positiva contínua (CPAP), por cada dia (inclui oximetria)</td><td>6</td><td>6</td></tr><tr><td style="white-space:nowrap">81262<a name="mcdts-i-pneumologia-imunoalergologia-cs-81262"> </a></td><td>Ventilação com pressão positiva contínua (Binível ou outra modalidade), por cada dia (inclui oximetria)</td><td>Ventilação com pressão positiva contínua (Binível ou outra modalidade), por cada dia (inclui oximetria)</td><td>10</td><td>10</td></tr><tr><td style="white-space:nowrap">81263<a name="mcdts-i-pneumologia-imunoalergologia-cs-81263"> </a></td><td>Adaptação e aferição a ventilação com pressão positiva contínua (CPAP) (incluí oximetria e gasimetria)</td><td>Adaptação e aferição a ventilação com pressão positiva contínua (CPAP) (incluí oximetria e gasimetria)</td><td>5</td><td>5</td></tr><tr><td style="white-space:nowrap">81264<a name="mcdts-i-pneumologia-imunoalergologia-cs-81264"> </a></td><td>Adaptação e aferição a ventilação com pressão positiva contínua (Binível ou outra modalidade) (incluí oximetria e gasimetria)</td><td>Adaptação e aferição a ventilação com pressão positiva contínua (Binível ou outra modalidade) (incluí oximetria e gasimetria)</td><td>12</td><td>12</td></tr><tr><td style="white-space:nowrap">81920<a name="mcdts-i-pneumologia-imunoalergologia-cs-81920"> </a></td><td>Broncoscopia rígida</td><td>Broncoscopia rígida</td><td>24.92</td><td>20</td></tr><tr><td style="white-space:nowrap">81925<a name="mcdts-i-pneumologia-imunoalergologia-cs-81925"> </a></td><td>Broncofibroscopia</td><td>Broncofibroscopia</td><td>24.92</td><td>14</td></tr><tr><td style="white-space:nowrap">81927<a name="mcdts-i-pneumologia-imunoalergologia-cs-81927"> </a></td><td>Vídeobroncofibroscopia</td><td>Vídeobroncofibroscopia</td><td>24.92</td><td>17.5</td></tr><tr><td style="white-space:nowrap">81900<a name="mcdts-i-pneumologia-imunoalergologia-cs-81900"> </a></td><td>Toracoscopia</td><td>Toracoscopia</td><td>21.6</td><td>20</td></tr><tr><td style="white-space:nowrap">81957<a name="mcdts-i-pneumologia-imunoalergologia-cs-81957"> </a></td><td>Biópsia pulmonar transbrônquica</td><td>Biópsia pulmonar transbrônquica</td><td>12.96</td><td>6</td></tr><tr><td style="white-space:nowrap">81971<a name="mcdts-i-pneumologia-imunoalergologia-cs-81971"> </a></td><td>Biópsia pulmonar por toracoscopia</td><td>Biópsia pulmonar por toracoscopia</td><td>12.96</td><td>4.5</td></tr><tr><td style="white-space:nowrap">81099<a name="mcdts-i-pneumologia-imunoalergologia-cs-81099"> </a></td><td>Biópsia por punção - tru-cut (acresce apoio de fluoroscopia, ecografia, tomografia - ver tabela de Radiologia)</td><td>Biópsia por punção - tru-cut (acresce apoio de fluoroscopia, ecografia, tomografia - ver tabela de Radiologia)</td><td>12.96</td><td>12</td></tr><tr><td style="white-space:nowrap">81972<a name="mcdts-i-pneumologia-imunoalergologia-cs-81972"> </a></td><td>Biópsia pleural por toracoscopia</td><td>Biópsia pleural por toracoscopia</td><td>5.18</td><td>5</td></tr><tr><td style="white-space:nowrap">81987<a name="mcdts-i-pneumologia-imunoalergologia-cs-81987"> </a></td><td>Extração de corpo estranho</td><td>Extração de corpo estranho</td><td>32.08</td><td>5</td></tr><tr><td style="white-space:nowrap">81915<a name="mcdts-i-pneumologia-imunoalergologia-cs-81915"> </a></td><td>Terapêutica com LASER</td><td>Terapêutica com LASER</td><td>35.28</td><td>20</td></tr><tr><td style="white-space:nowrap">81982<a name="mcdts-i-pneumologia-imunoalergologia-cs-81982"> </a></td><td>Terapêutica com electrocautério</td><td>Terapêutica com electrocautério</td><td>35.28</td><td>11</td></tr><tr><td style="white-space:nowrap">81931<a name="mcdts-i-pneumologia-imunoalergologia-cs-81931"> </a></td><td>Toracocentese diagnóstica</td><td>Toracocentese diagnóstica</td><td>11</td><td>9</td></tr><tr><td style="white-space:nowrap">81932<a name="mcdts-i-pneumologia-imunoalergologia-cs-81932"> </a></td><td>Toracocentese evacuadora</td><td>Toracocentese evacuadora</td><td>11</td><td>10</td></tr><tr><td style="white-space:nowrap">81935<a name="mcdts-i-pneumologia-imunoalergologia-cs-81935"> </a></td><td>Toracostomia com drenagem subaquática</td><td>Toracostomia com drenagem subaquática</td><td>15</td><td>15</td></tr><tr><td style="white-space:nowrap">81933<a name="mcdts-i-pneumologia-imunoalergologia-cs-81933"> </a></td><td>Biópsia pleural (acresce a Toracocentese)</td><td>Biópsia pleural (acresce a Toracocentese)</td><td>5.18</td><td>2.5</td></tr><tr><td style="white-space:nowrap">81976<a name="mcdts-i-pneumologia-imunoalergologia-cs-81976"> </a></td><td>Lavagem pleural</td><td>Lavagem pleural</td><td>15</td><td>15</td></tr><tr><td style="white-space:nowrap">95005<a name="mcdts-i-pneumologia-imunoalergologia-cs-95005"> </a></td><td>Testes por picada (Prick) - reação de hipersensibilidade imediata, com um mínimo de 15 extratos alergénicos, incluindo controlo positivo e diluente</td><td>Testes por picada (Prick) - reação de hipersensibilidade imediata, com um mínimo de 15 extratos alergénicos, incluindo controlo positivo e diluente</td><td>6.22</td><td>4</td></tr><tr><td style="white-space:nowrap">95010<a name="mcdts-i-pneumologia-imunoalergologia-cs-95010"> </a></td><td>Testes por picada (Prick) - reação de hipersensibilidade imediata, desdobramento de alergenos. Cada série de 10 alergenos, incluindo controlo positivo e diluente</td><td>Testes por picada (Prick) - reação de hipersensibilidade imediata, desdobramento de alergenos. Cada série de 10 alergenos, incluindo controlo positivo e diluente</td><td>6.22</td><td>4</td></tr><tr><td style="white-space:nowrap">95015<a name="mcdts-i-pneumologia-imunoalergologia-cs-95015"> </a></td><td>Testes por picada (Prick) - reação de hipersensibilidade imediata, método Prick-Prick, alimentos frescos, incluindo controlo positivo e diluente</td><td>Testes por picada (Prick) - reação de hipersensibilidade imediata, método Prick-Prick, alimentos frescos, incluindo controlo positivo e diluente</td><td>6.22</td><td>1.6</td></tr><tr><td style="white-space:nowrap">95020<a name="mcdts-i-pneumologia-imunoalergologia-cs-95020"> </a></td><td>Testes por picada (Prick) - reação de hipersensibilidade imediata, venenos</td><td>Testes por picada (Prick) - reação de hipersensibilidade imediata, venenos</td><td>6.22</td><td>4</td></tr><tr><td style="white-space:nowrap">95025<a name="mcdts-i-pneumologia-imunoalergologia-cs-95025"> </a></td><td>Testes por picada (Prick) - reação de hipersensibilidade imediata, frações alergénicas de medicamentos</td><td>Testes por picada (Prick) - reação de hipersensibilidade imediata, frações alergénicas de medicamentos</td><td>6.22</td><td>4</td></tr><tr><td style="white-space:nowrap">95030<a name="mcdts-i-pneumologia-imunoalergologia-cs-95030"> </a></td><td>Testes por picada (Prick) - reação de hipersensibilidade imediata, produtos biológicos ou outros medicamentos, incluindo controlo positivo e diluente</td><td>Testes por picada (Prick) - reação de hipersensibilidade imediata, produtos biológicos ou outros medicamentos, incluindo controlo positivo e diluente</td><td>6.22</td><td>4</td></tr><tr><td style="white-space:nowrap">95035<a name="mcdts-i-pneumologia-imunoalergologia-cs-95035"> </a></td><td>Testes intradérmicos - reação de hipersensibilidade imediata a venenos</td><td>Testes intradérmicos - reação de hipersensibilidade imediata a venenos</td><td>4.14</td><td>4</td></tr><tr><td style="white-space:nowrap">95040<a name="mcdts-i-pneumologia-imunoalergologia-cs-95040"> </a></td><td>Testes intradérmicos - reação de hipersensibilidade imediata, a frações alergénicas de medicamentos</td><td>Testes intradérmicos - reação de hipersensibilidade imediata, a frações alergénicas de medicamentos</td><td>4.14</td><td>4</td></tr><tr><td style="white-space:nowrap">95045<a name="mcdts-i-pneumologia-imunoalergologia-cs-95045"> </a></td><td>Testes intradérmicos - reação de hipersensibilidade imediata, outros medicamentos e produtos biológicos incluindo controlo positivo e diluente</td><td>Testes intradérmicos - reação de hipersensibilidade imediata, outros medicamentos e produtos biológicos incluindo controlo positivo e diluente</td><td>4.14</td><td>4</td></tr><tr><td style="white-space:nowrap">95050<a name="mcdts-i-pneumologia-imunoalergologia-cs-95050"> </a></td><td>Testes intradérmicos - reação de hipersensibilidade imediata, com extratos alergénicos, cada série de 8 alergenos incluindo controlo positivo e diluente</td><td>Testes intradérmicos - reação de hipersensibilidade imediata, com extratos alergénicos, cada série de 8 alergenos incluindo controlo positivo e diluente</td><td>4.14</td><td>4</td></tr><tr><td style="white-space:nowrap">95150<a name="mcdts-i-pneumologia-imunoalergologia-cs-95150"> </a></td><td>Testes de provocação oftálmica - cada alergeno</td><td>Testes de provocação oftálmica - cada alergeno</td><td>4</td><td>4</td></tr><tr><td style="white-space:nowrap">95500<a name="mcdts-i-pneumologia-imunoalergologia-cs-95500"> </a></td><td>Aplicação de uma injeção de extratos alergénicos - monitorização e vigilância</td><td>Aplicação de uma injeção de extratos alergénicos - monitorização e vigilância</td><td>2.07</td><td>1.6</td></tr><tr><td style="white-space:nowrap">95505<a name="mcdts-i-pneumologia-imunoalergologia-cs-95505"> </a></td><td>Aplicação de duas ou mais injeções de extratos alergénicos</td><td>Aplicação de duas ou mais injeções de extratos alergénicos</td><td>3</td><td>3</td></tr><tr><td style="white-space:nowrap">95510<a name="mcdts-i-pneumologia-imunoalergologia-cs-95510"> </a></td><td>Aplicação de uma injeção de veneno de himenóptero</td><td>Aplicação de uma injeção de veneno de himenóptero</td><td>2.5</td><td>2.5</td></tr><tr><td style="white-space:nowrap">95515<a name="mcdts-i-pneumologia-imunoalergologia-cs-95515"> </a></td><td>Aplicação de duas injeções de veneno de himenóptero</td><td>Aplicação de duas injeções de veneno de himenóptero</td><td>4</td><td>4</td></tr><tr><td style="white-space:nowrap">95520<a name="mcdts-i-pneumologia-imunoalergologia-cs-95520"> </a></td><td>Aplicação de extratos de aeroalergenos por método de &quot;rush&quot; - mínimo de 4 injeções em concentrações crescentes</td><td>Aplicação de extratos de aeroalergenos por método de &quot;rush&quot; - mínimo de 4 injeções em concentrações crescentes</td><td>17.5</td><td>17.5</td></tr><tr><td style="white-space:nowrap">95525<a name="mcdts-i-pneumologia-imunoalergologia-cs-95525"> </a></td><td>Dessensibilização rápida a medicamentos - cada hora</td><td>Dessensibilização rápida a medicamentos - cada hora</td><td>4</td><td>4</td></tr></table></div>
  </text>
  <url value="https://hl7-pt.github.io/terminologias/CodeSystem-mcdts-i-pneumologia-imunoalergologia"/>
  <version value="1.0.0"/>
  <name value="MCDTSI_Pneumologia_ImunoalergologiaCS"/>
  <title value="MCDTS Tabela Da Área I - Tabela De Pneumologia E Tabela De Imunoalergologia"/>
  <status value="active"/>
  <date value="2026-01-16T11:04:17+00:00"/>
  <publisher value="HL7 Portugal"/>
  <contact>
    <name value="HL7 Portugal"/>
    <telecom>
      <system value="url"/>
      <value value="http://hl7.pt"/>
    </telecom>
    <telecom>
      <system value="email"/>
      <value value="info@hl7.pt"/>
    </telecom>
  </contact>
  <contact>
    <name value="HL7 Portugal"/>
    <telecom>
      <system value="email"/>
      <value value="geral@hl7.pt"/>
      <use value="work"/>
    </telecom>
  </contact>
  <description value="Tabela Da Área I - Tabela De Pneumologia E Tabela De Imunoalergologia"/>
  <jurisdiction>
    <coding>
      <system value="urn:iso:std:iso:3166"/>
      <code value="PT"/>
      <display value="Portugal"/>
    </coding>
  </jurisdiction>
  <author>
    <name value="ACSS"/>
  </author>
  <content value="complete"/>
  <count value="48"/>
  <property>
    <code value="preco"/>
    <description value="Preço do MCDT"/>
    <type value="decimal"/>
  </property>
  <property>
    <code value="taxa"/>
    <description value="Taxa Moderadora"/>
    <type value="decimal"/>
  </property>
  <concept>
    <code value="80010"/>
    <display value="Espirometria, incluindo curva débito volume"/>
    <definition value="Espirometria, incluindo curva débito volume"/>
    <property>
      <code value="preco"/>
      <valueDecimal value="17.48"/>
    </property>
    <property>
      <code value="taxa"/>
      <valueDecimal value="4.5"/>
    </property>
  </concept>
  <concept>
    <code value="80040"/>
    <display value="Capacidade residual funcional ou volume residual (hélio/azoto)"/>
    <definition value="Capacidade residual funcional ou volume residual (hélio/azoto)"/>
    <property>
      <code value="preco"/>
      <valueDecimal value="16.63"/>
    </property>
    <property>
      <code value="taxa"/>
      <valueDecimal value="4.5"/>
    </property>
  </concept>
  <concept>
    <code value="80100"/>
    <display value="Pletismografia corporal: estudo da resistência das vias aéreas e volume de gás intratorácico"/>
    <definition value="Pletismografia corporal: estudo da resistência das vias aéreas e volume de gás intratorácico"/>
    <property>
      <code value="preco"/>
      <valueDecimal value="19.23"/>
    </property>
    <property>
      <code value="taxa"/>
      <valueDecimal value="5"/>
    </property>
  </concept>
  <concept>
    <code value="80110"/>
    <display value="Prova de broncodilatação (acresce à prova basal)"/>
    <definition value="Prova de broncodilatação (acresce à prova basal)"/>
    <property>
      <code value="preco"/>
      <valueDecimal value="23.4"/>
    </property>
    <property>
      <code value="taxa"/>
      <valueDecimal value="6"/>
    </property>
  </concept>
  <concept>
    <code value="80115"/>
    <display value="Prova de broncoconstrição com água destilada/soluto hipertónico (acresce à prova basal)"/>
    <definition value="Prova de broncoconstrição com água destilada/soluto hipertónico (acresce à prova basal)"/>
    <property>
      <code value="preco"/>
      <valueDecimal value="25.96"/>
    </property>
    <property>
      <code value="taxa"/>
      <valueDecimal value="6"/>
    </property>
  </concept>
  <concept>
    <code value="80117"/>
    <display value="Prova de broncoconstrição de esforço, com bicicleta ou tapete rolante (acresce à prova basal)"/>
    <definition value="Prova de broncoconstrição de esforço, com bicicleta ou tapete rolante (acresce à prova basal)"/>
    <property>
      <code value="preco"/>
      <valueDecimal value="25.96"/>
    </property>
    <property>
      <code value="taxa"/>
      <valueDecimal value="8"/>
    </property>
  </concept>
  <concept>
    <code value="80121"/>
    <display value="Prova de broncoconstrição com metacolina (acresce à prova basal)"/>
    <definition value="Prova de broncoconstrição com metacolina (acresce à prova basal)"/>
    <property>
      <code value="preco"/>
      <valueDecimal value="25.96"/>
    </property>
    <property>
      <code value="taxa"/>
      <valueDecimal value="13"/>
    </property>
  </concept>
  <concept>
    <code value="80130"/>
    <display value="Prova de broncoconstrição específica com alergénios (acresce à prova basal)"/>
    <definition value="Prova de broncoconstrição específica com alergénios (acresce à prova basal)"/>
    <property>
      <code value="preco"/>
      <valueDecimal value="19.23"/>
    </property>
    <property>
      <code value="taxa"/>
      <valueDecimal value="15"/>
    </property>
  </concept>
  <concept>
    <code value="80160"/>
    <display value="Capacidade de difusão do CO por respiração única"/>
    <definition value="Capacidade de difusão do CO por respiração única"/>
    <property>
      <code value="preco"/>
      <valueDecimal value="20.39"/>
    </property>
    <property>
      <code value="taxa"/>
      <valueDecimal value="6"/>
    </property>
  </concept>
  <concept>
    <code value="80170"/>
    <display value="Capacidade de difusão do CO por equilíbrio estável"/>
    <definition value="Capacidade de difusão do CO por equilíbrio estável"/>
    <property>
      <code value="preco"/>
      <valueDecimal value="22.43"/>
    </property>
    <property>
      <code value="taxa"/>
      <valueDecimal value="7"/>
    </property>
  </concept>
  <concept>
    <code value="80200"/>
    <display value="Prova de exercício com avaliação de parâmetros cardio-respiratórios em tapete rolante ou bicicleta ergonómica"/>
    <definition value="Prova de exercício com avaliação de parâmetros cardio-respiratórios em tapete rolante ou bicicleta ergonómica"/>
    <property>
      <code value="preco"/>
      <valueDecimal value="37.76"/>
    </property>
    <property>
      <code value="taxa"/>
      <valueDecimal value="14"/>
    </property>
  </concept>
  <concept>
    <code value="81261"/>
    <display value="Ventilação com pressão positiva contínua (CPAP), por cada dia (inclui oximetria)"/>
    <definition value="Ventilação com pressão positiva contínua (CPAP), por cada dia (inclui oximetria)"/>
    <property>
      <code value="preco"/>
      <valueDecimal value="6"/>
    </property>
    <property>
      <code value="taxa"/>
      <valueDecimal value="6"/>
    </property>
  </concept>
  <concept>
    <code value="81262"/>
    <display value="Ventilação com pressão positiva contínua (Binível ou outra modalidade), por cada dia (inclui oximetria)"/>
    <definition value="Ventilação com pressão positiva contínua (Binível ou outra modalidade), por cada dia (inclui oximetria)"/>
    <property>
      <code value="preco"/>
      <valueDecimal value="10"/>
    </property>
    <property>
      <code value="taxa"/>
      <valueDecimal value="10"/>
    </property>
  </concept>
  <concept>
    <code value="81263"/>
    <display value="Adaptação e aferição a ventilação com pressão positiva contínua (CPAP) (incluí oximetria e gasimetria)"/>
    <definition value="Adaptação e aferição a ventilação com pressão positiva contínua (CPAP) (incluí oximetria e gasimetria)"/>
    <property>
      <code value="preco"/>
      <valueDecimal value="5"/>
    </property>
    <property>
      <code value="taxa"/>
      <valueDecimal value="5"/>
    </property>
  </concept>
  <concept>
    <code value="81264"/>
    <display value="Adaptação e aferição a ventilação com pressão positiva contínua (Binível ou outra modalidade) (incluí oximetria e gasimetria)"/>
    <definition value="Adaptação e aferição a ventilação com pressão positiva contínua (Binível ou outra modalidade) (incluí oximetria e gasimetria)"/>
    <property>
      <code value="preco"/>
      <valueDecimal value="12"/>
    </property>
    <property>
      <code value="taxa"/>
      <valueDecimal value="12"/>
    </property>
  </concept>
  <concept>
    <code value="81920"/>
    <display value="Broncoscopia rígida"/>
    <definition value="Broncoscopia rígida"/>
    <property>
      <code value="preco"/>
      <valueDecimal value="24.92"/>
    </property>
    <property>
      <code value="taxa"/>
      <valueDecimal value="20"/>
    </property>
  </concept>
  <concept>
    <code value="81925"/>
    <display value="Broncofibroscopia"/>
    <definition value="Broncofibroscopia"/>
    <property>
      <code value="preco"/>
      <valueDecimal value="24.92"/>
    </property>
    <property>
      <code value="taxa"/>
      <valueDecimal value="14"/>
    </property>
  </concept>
  <concept>
    <code value="81927"/>
    <display value="Vídeobroncofibroscopia"/>
    <definition value="Vídeobroncofibroscopia"/>
    <property>
      <code value="preco"/>
      <valueDecimal value="24.92"/>
    </property>
    <property>
      <code value="taxa"/>
      <valueDecimal value="17.5"/>
    </property>
  </concept>
  <concept>
    <code value="81900"/>
    <display value="Toracoscopia"/>
    <definition value="Toracoscopia"/>
    <property>
      <code value="preco"/>
      <valueDecimal value="21.6"/>
    </property>
    <property>
      <code value="taxa"/>
      <valueDecimal value="20"/>
    </property>
  </concept>
  <concept>
    <code value="81957"/>
    <display value="Biópsia pulmonar transbrônquica"/>
    <definition value="Biópsia pulmonar transbrônquica"/>
    <property>
      <code value="preco"/>
      <valueDecimal value="12.96"/>
    </property>
    <property>
      <code value="taxa"/>
      <valueDecimal value="6"/>
    </property>
  </concept>
  <concept>
    <code value="81971"/>
    <display value="Biópsia pulmonar por toracoscopia"/>
    <definition value="Biópsia pulmonar por toracoscopia"/>
    <property>
      <code value="preco"/>
      <valueDecimal value="12.96"/>
    </property>
    <property>
      <code value="taxa"/>
      <valueDecimal value="4.5"/>
    </property>
  </concept>
  <concept>
    <code value="81099"/>
    <display value="Biópsia por punção - tru-cut (acresce apoio de fluoroscopia, ecografia, tomografia - ver tabela de Radiologia)"/>
    <definition value="Biópsia por punção - tru-cut (acresce apoio de fluoroscopia, ecografia, tomografia - ver tabela de Radiologia)"/>
    <property>
      <code value="preco"/>
      <valueDecimal value="12.96"/>
    </property>
    <property>
      <code value="taxa"/>
      <valueDecimal value="12"/>
    </property>
  </concept>
  <concept>
    <code value="81972"/>
    <display value="Biópsia pleural por toracoscopia"/>
    <definition value="Biópsia pleural por toracoscopia"/>
    <property>
      <code value="preco"/>
      <valueDecimal value="5.18"/>
    </property>
    <property>
      <code value="taxa"/>
      <valueDecimal value="5"/>
    </property>
  </concept>
  <concept>
    <code value="81987"/>
    <display value="Extração de corpo estranho"/>
    <definition value="Extração de corpo estranho"/>
    <property>
      <code value="preco"/>
      <valueDecimal value="32.08"/>
    </property>
    <property>
      <code value="taxa"/>
      <valueDecimal value="5"/>
    </property>
  </concept>
  <concept>
    <code value="81915"/>
    <display value="Terapêutica com LASER"/>
    <definition value="Terapêutica com LASER"/>
    <property>
      <code value="preco"/>
      <valueDecimal value="35.28"/>
    </property>
    <property>
      <code value="taxa"/>
      <valueDecimal value="20"/>
    </property>
  </concept>
  <concept>
    <code value="81982"/>
    <display value="Terapêutica com electrocautério"/>
    <definition value="Terapêutica com electrocautério"/>
    <property>
      <code value="preco"/>
      <valueDecimal value="35.28"/>
    </property>
    <property>
      <code value="taxa"/>
      <valueDecimal value="11"/>
    </property>
  </concept>
  <concept>
    <code value="81931"/>
    <display value="Toracocentese diagnóstica"/>
    <definition value="Toracocentese diagnóstica"/>
    <property>
      <code value="preco"/>
      <valueDecimal value="11"/>
    </property>
    <property>
      <code value="taxa"/>
      <valueDecimal value="9"/>
    </property>
  </concept>
  <concept>
    <code value="81932"/>
    <display value="Toracocentese evacuadora"/>
    <definition value="Toracocentese evacuadora"/>
    <property>
      <code value="preco"/>
      <valueDecimal value="11"/>
    </property>
    <property>
      <code value="taxa"/>
      <valueDecimal value="10"/>
    </property>
  </concept>
  <concept>
    <code value="81935"/>
    <display value="Toracostomia com drenagem subaquática"/>
    <definition value="Toracostomia com drenagem subaquática"/>
    <property>
      <code value="preco"/>
      <valueDecimal value="15"/>
    </property>
    <property>
      <code value="taxa"/>
      <valueDecimal value="15"/>
    </property>
  </concept>
  <concept>
    <code value="81933"/>
    <display value="Biópsia pleural (acresce a Toracocentese)"/>
    <definition value="Biópsia pleural (acresce a Toracocentese)"/>
    <property>
      <code value="preco"/>
      <valueDecimal value="5.18"/>
    </property>
    <property>
      <code value="taxa"/>
      <valueDecimal value="2.5"/>
    </property>
  </concept>
  <concept>
    <code value="81976"/>
    <display value="Lavagem pleural"/>
    <definition value="Lavagem pleural"/>
    <property>
      <code value="preco"/>
      <valueDecimal value="15"/>
    </property>
    <property>
      <code value="taxa"/>
      <valueDecimal value="15"/>
    </property>
  </concept>
  <concept>
    <code value="95005"/>
    <display value="Testes por picada (Prick) - reação de hipersensibilidade imediata, com um mínimo de 15 extratos alergénicos, incluindo controlo positivo e diluente"/>
    <definition value="Testes por picada (Prick) - reação de hipersensibilidade imediata, com um mínimo de 15 extratos alergénicos, incluindo controlo positivo e diluente"/>
    <property>
      <code value="preco"/>
      <valueDecimal value="6.22"/>
    </property>
    <property>
      <code value="taxa"/>
      <valueDecimal value="4"/>
    </property>
  </concept>
  <concept>
    <code value="95010"/>
    <display value="Testes por picada (Prick) - reação de hipersensibilidade imediata, desdobramento de alergenos. Cada série de 10 alergenos, incluindo controlo positivo e diluente"/>
    <definition value="Testes por picada (Prick) - reação de hipersensibilidade imediata, desdobramento de alergenos. Cada série de 10 alergenos, incluindo controlo positivo e diluente"/>
    <property>
      <code value="preco"/>
      <valueDecimal value="6.22"/>
    </property>
    <property>
      <code value="taxa"/>
      <valueDecimal value="4"/>
    </property>
  </concept>
  <concept>
    <code value="95015"/>
    <display value="Testes por picada (Prick) - reação de hipersensibilidade imediata, método Prick-Prick, alimentos frescos, incluindo controlo positivo e diluente"/>
    <definition value="Testes por picada (Prick) - reação de hipersensibilidade imediata, método Prick-Prick, alimentos frescos, incluindo controlo positivo e diluente"/>
    <property>
      <code value="preco"/>
      <valueDecimal value="6.22"/>
    </property>
    <property>
      <code value="taxa"/>
      <valueDecimal value="1.6"/>
    </property>
  </concept>
  <concept>
    <code value="95020"/>
    <display value="Testes por picada (Prick) - reação de hipersensibilidade imediata, venenos"/>
    <definition value="Testes por picada (Prick) - reação de hipersensibilidade imediata, venenos"/>
    <property>
      <code value="preco"/>
      <valueDecimal value="6.22"/>
    </property>
    <property>
      <code value="taxa"/>
      <valueDecimal value="4"/>
    </property>
  </concept>
  <concept>
    <code value="95025"/>
    <display value="Testes por picada (Prick) - reação de hipersensibilidade imediata, frações alergénicas de medicamentos"/>
    <definition value="Testes por picada (Prick) - reação de hipersensibilidade imediata, frações alergénicas de medicamentos"/>
    <property>
      <code value="preco"/>
      <valueDecimal value="6.22"/>
    </property>
    <property>
      <code value="taxa"/>
      <valueDecimal value="4"/>
    </property>
  </concept>
  <concept>
    <code value="95030"/>
    <display value="Testes por picada (Prick) - reação de hipersensibilidade imediata, produtos biológicos ou outros medicamentos, incluindo controlo positivo e diluente"/>
    <definition value="Testes por picada (Prick) - reação de hipersensibilidade imediata, produtos biológicos ou outros medicamentos, incluindo controlo positivo e diluente"/>
    <property>
      <code value="preco"/>
      <valueDecimal value="6.22"/>
    </property>
    <property>
      <code value="taxa"/>
      <valueDecimal value="4"/>
    </property>
  </concept>
  <concept>
    <code value="95035"/>
    <display value="Testes intradérmicos - reação de hipersensibilidade imediata a venenos"/>
    <definition value="Testes intradérmicos - reação de hipersensibilidade imediata a venenos"/>
    <property>
      <code value="preco"/>
      <valueDecimal value="4.14"/>
    </property>
    <property>
      <code value="taxa"/>
      <valueDecimal value="4"/>
    </property>
  </concept>
  <concept>
    <code value="95040"/>
    <display value="Testes intradérmicos - reação de hipersensibilidade imediata, a frações alergénicas de medicamentos"/>
    <definition value="Testes intradérmicos - reação de hipersensibilidade imediata, a frações alergénicas de medicamentos"/>
    <property>
      <code value="preco"/>
      <valueDecimal value="4.14"/>
    </property>
    <property>
      <code value="taxa"/>
      <valueDecimal value="4"/>
    </property>
  </concept>
  <concept>
    <code value="95045"/>
    <display value="Testes intradérmicos - reação de hipersensibilidade imediata, outros medicamentos e produtos biológicos incluindo controlo positivo e diluente"/>
    <definition value="Testes intradérmicos - reação de hipersensibilidade imediata, outros medicamentos e produtos biológicos incluindo controlo positivo e diluente"/>
    <property>
      <code value="preco"/>
      <valueDecimal value="4.14"/>
    </property>
    <property>
      <code value="taxa"/>
      <valueDecimal value="4"/>
    </property>
  </concept>
  <concept>
    <code value="95050"/>
    <display value="Testes intradérmicos - reação de hipersensibilidade imediata, com extratos alergénicos, cada série de 8 alergenos incluindo controlo positivo e diluente"/>
    <definition value="Testes intradérmicos - reação de hipersensibilidade imediata, com extratos alergénicos, cada série de 8 alergenos incluindo controlo positivo e diluente"/>
    <property>
      <code value="preco"/>
      <valueDecimal value="4.14"/>
    </property>
    <property>
      <code value="taxa"/>
      <valueDecimal value="4"/>
    </property>
  </concept>
  <concept>
    <code value="95150"/>
    <display value="Testes de provocação oftálmica - cada alergeno"/>
    <definition value="Testes de provocação oftálmica - cada alergeno"/>
    <property>
      <code value="preco"/>
      <valueDecimal value="4"/>
    </property>
    <property>
      <code value="taxa"/>
      <valueDecimal value="4"/>
    </property>
  </concept>
  <concept>
    <code value="95500"/>
    <display value="Aplicação de uma injeção de extratos alergénicos - monitorização e vigilância"/>
    <definition value="Aplicação de uma injeção de extratos alergénicos - monitorização e vigilância"/>
    <property>
      <code value="preco"/>
      <valueDecimal value="2.07"/>
    </property>
    <property>
      <code value="taxa"/>
      <valueDecimal value="1.6"/>
    </property>
  </concept>
  <concept>
    <code value="95505"/>
    <display value="Aplicação de duas ou mais injeções de extratos alergénicos"/>
    <definition value="Aplicação de duas ou mais injeções de extratos alergénicos"/>
    <property>
      <code value="preco"/>
      <valueDecimal value="3"/>
    </property>
    <property>
      <code value="taxa"/>
      <valueDecimal value="3"/>
    </property>
  </concept>
  <concept>
    <code value="95510"/>
    <display value="Aplicação de uma injeção de veneno de himenóptero"/>
    <definition value="Aplicação de uma injeção de veneno de himenóptero"/>
    <property>
      <code value="preco"/>
      <valueDecimal value="2.5"/>
    </property>
    <property>
      <code value="taxa"/>
      <valueDecimal value="2.5"/>
    </property>
  </concept>
  <concept>
    <code value="95515"/>
    <display value="Aplicação de duas injeções de veneno de himenóptero"/>
    <definition value="Aplicação de duas injeções de veneno de himenóptero"/>
    <property>
      <code value="preco"/>
      <valueDecimal value="4"/>
    </property>
    <property>
      <code value="taxa"/>
      <valueDecimal value="4"/>
    </property>
  </concept>
  <concept>
    <code value="95520"/>
    <display value="Aplicação de extratos de aeroalergenos por método de &quot;rush&quot; - mínimo de 4 injeções em concentrações crescentes"/>
    <definition value="Aplicação de extratos de aeroalergenos por método de &quot;rush&quot; - mínimo de 4 injeções em concentrações crescentes"/>
    <property>
      <code value="preco"/>
      <valueDecimal value="17.5"/>
    </property>
    <property>
      <code value="taxa"/>
      <valueDecimal value="17.5"/>
    </property>
  </concept>
  <concept>
    <code value="95525"/>
    <display value="Dessensibilização rápida a medicamentos - cada hora"/>
    <definition value="Dessensibilização rápida a medicamentos - cada hora"/>
    <property>
      <code value="preco"/>
      <valueDecimal value="4"/>
    </property>
    <property>
      <code value="taxa"/>
      <valueDecimal value="4"/>
    </property>
  </concept>
</CodeSystem>