<?xml version="1.0" encoding="UTF-8"?>

<CodeSystem xmlns="http://hl7.org/fhir">
  <id value="mcdts-d-m-nuclear-cs"/>
  <text>
    <status value="generated"/><div xmlns="http://www.w3.org/1999/xhtml"><p class="res-header-id"><b>Narrativa gerada: CodeSystem mcdts-d-m-nuclear-cs</b></p><a name="mcdts-d-m-nuclear-cs"> </a><a name="hcmcdts-d-m-nuclear-cs"> </a><p><b>Propriedades</b></p><p><b>Este sistema de códigos define as seguintes propriedades para os seus conceitos</b></p><table class="grid"><tr><td><b>Nome</b></td><td><b>Código</b></td><td><b>Tipo</b></td><td><b>Descrição</b></td></tr><tr><td>preco</td><td>preco</td><td>decimal</td><td>Preço do MCDT</td></tr><tr><td>taxa</td><td>taxa</td><td>decimal</td><td>Taxa Moderadora</td></tr></table><p><b>Conceitos</b></p><p>Este  sistema de código <code>https://hl7-pt.github.io/terminologias/CodeSystem-mcdts-d-m-nuclear</code> define o seguinte códigos:</p><table class="codes"><tr><td style="white-space:nowrap"><b>Código</b></td><td><b>Ecrã</b></td><td><b>Definição</b></td><td><b>preco</b></td><td><b>taxa</b></td></tr><tr><td style="white-space:nowrap">58015<a name="mcdts-d-m-nuclear-cs-58015"> </a></td><td>Cintigrafia miocárdica de perfusão em esforço/stress farmacológico</td><td>Cintigrafia miocárdica de perfusão em esforço/stress farmacológico</td><td>148.54</td><td>27.5</td></tr><tr><td style="white-space:nowrap">58020<a name="mcdts-d-m-nuclear-cs-58020"> </a></td><td>Cintigrafia miocárdica de perfusão em repouso</td><td>Cintigrafia miocárdica de perfusão em repouso</td><td>101.33</td><td>20</td></tr><tr><td style="white-space:nowrap">58050<a name="mcdts-d-m-nuclear-cs-58050"> </a></td><td>Tomografia cerebral com 99mTc-HMPAO</td><td>Tomografia cerebral com 99mTc-HMPAO</td><td>175</td><td>27.5</td></tr><tr><td style="white-space:nowrap">58100<a name="mcdts-d-m-nuclear-cs-58100"> </a></td><td>Pesquisa de hemorragia digestiva</td><td>Pesquisa de hemorragia digestiva</td><td>70</td><td>17.5</td></tr><tr><td style="white-space:nowrap">58105<a name="mcdts-d-m-nuclear-cs-58105"> </a></td><td>Cintigrafia das glândulas salivares</td><td>Cintigrafia das glândulas salivares</td><td>41.51</td><td>11</td></tr><tr><td style="white-space:nowrap">58115<a name="mcdts-d-m-nuclear-cs-58115"> </a></td><td>Cintigrafia hepatobiliar</td><td>Cintigrafia hepatobiliar</td><td>57.96</td><td>15</td></tr><tr><td style="white-space:nowrap">58120<a name="mcdts-d-m-nuclear-cs-58120"> </a></td><td>Cintigrafia hepatobiliar com estimulação vesicular</td><td>Cintigrafia hepatobiliar com estimulação vesicular</td><td>98.32</td><td>20</td></tr><tr><td style="white-space:nowrap">58125<a name="mcdts-d-m-nuclear-cs-58125"> </a></td><td>Cintigrafia hepática com glóbulos vermelhos marcados</td><td>Cintigrafia hepática com glóbulos vermelhos marcados</td><td>66.08</td><td>15</td></tr><tr><td style="white-space:nowrap">58130<a name="mcdts-d-m-nuclear-cs-58130"> </a></td><td>Pesquisa de divertículo Meckel</td><td>Pesquisa de divertículo Meckel</td><td>35</td><td>10</td></tr><tr><td style="white-space:nowrap">58150<a name="mcdts-d-m-nuclear-cs-58150"> </a></td><td>Cintigrafia óssea corpo inteiro</td><td>Cintigrafia óssea corpo inteiro</td><td>63</td><td>15</td></tr><tr><td style="white-space:nowrap">58200<a name="mcdts-d-m-nuclear-cs-58200"> </a></td><td>Cintigrafia pulmonar de perfusão</td><td>Cintigrafia pulmonar de perfusão</td><td>46.24</td><td>13</td></tr><tr><td style="white-space:nowrap">58205<a name="mcdts-d-m-nuclear-cs-58205"> </a></td><td>Cintigrafia pulmonar ventilação/inalação (a)</td><td>Cintigrafia pulmonar ventilação/inalação (a)</td><td/><td/></tr><tr><td style="white-space:nowrap">58260<a name="mcdts-d-m-nuclear-cs-58260"> </a></td><td>Cintigrafia da tiroideia</td><td>Cintigrafia da tiroideia</td><td>26.89</td><td>7</td></tr><tr><td style="white-space:nowrap">58305<a name="mcdts-d-m-nuclear-cs-58305"> </a></td><td>Renograma</td><td>Renograma</td><td>43.82</td><td>10</td></tr><tr><td style="white-space:nowrap">58319<a name="mcdts-d-m-nuclear-cs-58319"> </a></td><td>Intervenção farmacológica - prova diurética (acresce ao Renograma)</td><td>Intervenção farmacológica - prova diurética (acresce ao Renograma)</td><td>7.56</td><td>2</td></tr><tr><td style="white-space:nowrap">58324<a name="mcdts-d-m-nuclear-cs-58324"> </a></td><td>Intervenção farmacológica - prova de captopril (acresce ao Renograma)</td><td>Intervenção farmacológica - prova de captopril (acresce ao Renograma)</td><td>28.77</td><td>8</td></tr><tr><td style="white-space:nowrap">58330<a name="mcdts-d-m-nuclear-cs-58330"> </a></td><td>Cistocintigrafia direta (a)</td><td>Cistocintigrafia direta (a)</td><td/><td/></tr></table></div>
  </text>
  <url value="https://hl7-pt.github.io/terminologias/CodeSystem-mcdts-d-m-nuclear"/>
  <version value="1.0.0"/>
  <name value="MCDTSD_MNuclearCS"/>
  <title value="MCDTS Tabela Da Área D - Medicina Nuclear"/>
  <status value="active"/>
  <date value="2026-01-16T11:04:17+00:00"/>
  <publisher value="HL7 Portugal"/>
  <contact>
    <name value="HL7 Portugal"/>
    <telecom>
      <system value="url"/>
      <value value="http://hl7.pt"/>
    </telecom>
    <telecom>
      <system value="email"/>
      <value value="info@hl7.pt"/>
    </telecom>
  </contact>
  <contact>
    <name value="HL7 Portugal"/>
    <telecom>
      <system value="email"/>
      <value value="geral@hl7.pt"/>
      <use value="work"/>
    </telecom>
  </contact>
  <description value="Tabela Da Área D - Medicina Nuclear"/>
  <jurisdiction>
    <coding>
      <system value="urn:iso:std:iso:3166"/>
      <code value="PT"/>
      <display value="Portugal"/>
    </coding>
  </jurisdiction>
  <author>
    <name value="ACSS"/>
  </author>
  <content value="complete"/>
  <count value="17"/>
  <property>
    <code value="preco"/>
    <description value="Preço do MCDT"/>
    <type value="decimal"/>
  </property>
  <property>
    <code value="taxa"/>
    <description value="Taxa Moderadora"/>
    <type value="decimal"/>
  </property>
  <concept>
    <code value="58015"/>
    <display value="Cintigrafia miocárdica de perfusão em esforço/stress farmacológico"/>
    <definition value="Cintigrafia miocárdica de perfusão em esforço/stress farmacológico"/>
    <property>
      <code value="preco"/>
      <valueDecimal value="148.54"/>
    </property>
    <property>
      <code value="taxa"/>
      <valueDecimal value="27.5"/>
    </property>
  </concept>
  <concept>
    <code value="58020"/>
    <display value="Cintigrafia miocárdica de perfusão em repouso"/>
    <definition value="Cintigrafia miocárdica de perfusão em repouso"/>
    <property>
      <code value="preco"/>
      <valueDecimal value="101.33"/>
    </property>
    <property>
      <code value="taxa"/>
      <valueDecimal value="20"/>
    </property>
  </concept>
  <concept>
    <code value="58050"/>
    <display value="Tomografia cerebral com 99mTc-HMPAO"/>
    <definition value="Tomografia cerebral com 99mTc-HMPAO"/>
    <property>
      <code value="preco"/>
      <valueDecimal value="175"/>
    </property>
    <property>
      <code value="taxa"/>
      <valueDecimal value="27.5"/>
    </property>
  </concept>
  <concept>
    <code value="58100"/>
    <display value="Pesquisa de hemorragia digestiva"/>
    <definition value="Pesquisa de hemorragia digestiva"/>
    <property>
      <code value="preco"/>
      <valueDecimal value="70"/>
    </property>
    <property>
      <code value="taxa"/>
      <valueDecimal value="17.5"/>
    </property>
  </concept>
  <concept>
    <code value="58105"/>
    <display value="Cintigrafia das glândulas salivares"/>
    <definition value="Cintigrafia das glândulas salivares"/>
    <property>
      <code value="preco"/>
      <valueDecimal value="41.51"/>
    </property>
    <property>
      <code value="taxa"/>
      <valueDecimal value="11"/>
    </property>
  </concept>
  <concept>
    <code value="58115"/>
    <display value="Cintigrafia hepatobiliar"/>
    <definition value="Cintigrafia hepatobiliar"/>
    <property>
      <code value="preco"/>
      <valueDecimal value="57.96"/>
    </property>
    <property>
      <code value="taxa"/>
      <valueDecimal value="15"/>
    </property>
  </concept>
  <concept>
    <code value="58120"/>
    <display value="Cintigrafia hepatobiliar com estimulação vesicular"/>
    <definition value="Cintigrafia hepatobiliar com estimulação vesicular"/>
    <property>
      <code value="preco"/>
      <valueDecimal value="98.32"/>
    </property>
    <property>
      <code value="taxa"/>
      <valueDecimal value="20"/>
    </property>
  </concept>
  <concept>
    <code value="58125"/>
    <display value="Cintigrafia hepática com glóbulos vermelhos marcados"/>
    <definition value="Cintigrafia hepática com glóbulos vermelhos marcados"/>
    <property>
      <code value="preco"/>
      <valueDecimal value="66.08"/>
    </property>
    <property>
      <code value="taxa"/>
      <valueDecimal value="15"/>
    </property>
  </concept>
  <concept>
    <code value="58130"/>
    <display value="Pesquisa de divertículo Meckel"/>
    <definition value="Pesquisa de divertículo Meckel"/>
    <property>
      <code value="preco"/>
      <valueDecimal value="35"/>
    </property>
    <property>
      <code value="taxa"/>
      <valueDecimal value="10"/>
    </property>
  </concept>
  <concept>
    <code value="58150"/>
    <display value="Cintigrafia óssea corpo inteiro"/>
    <definition value="Cintigrafia óssea corpo inteiro"/>
    <property>
      <code value="preco"/>
      <valueDecimal value="63"/>
    </property>
    <property>
      <code value="taxa"/>
      <valueDecimal value="15"/>
    </property>
  </concept>
  <concept>
    <code value="58200"/>
    <display value="Cintigrafia pulmonar de perfusão"/>
    <definition value="Cintigrafia pulmonar de perfusão"/>
    <property>
      <code value="preco"/>
      <valueDecimal value="46.24"/>
    </property>
    <property>
      <code value="taxa"/>
      <valueDecimal value="13"/>
    </property>
  </concept>
  <concept>
    <code value="58205"/>
    <display value="Cintigrafia pulmonar ventilação/inalação (a)"/>
    <definition value="Cintigrafia pulmonar ventilação/inalação (a)"/>
  </concept>
  <concept>
    <code value="58260"/>
    <display value="Cintigrafia da tiroideia"/>
    <definition value="Cintigrafia da tiroideia"/>
    <property>
      <code value="preco"/>
      <valueDecimal value="26.89"/>
    </property>
    <property>
      <code value="taxa"/>
      <valueDecimal value="7"/>
    </property>
  </concept>
  <concept>
    <code value="58305"/>
    <display value="Renograma"/>
    <definition value="Renograma"/>
    <property>
      <code value="preco"/>
      <valueDecimal value="43.82"/>
    </property>
    <property>
      <code value="taxa"/>
      <valueDecimal value="10"/>
    </property>
  </concept>
  <concept>
    <code value="58319"/>
    <display value="Intervenção farmacológica - prova diurética (acresce ao Renograma)"/>
    <definition value="Intervenção farmacológica - prova diurética (acresce ao Renograma)"/>
    <property>
      <code value="preco"/>
      <valueDecimal value="7.56"/>
    </property>
    <property>
      <code value="taxa"/>
      <valueDecimal value="2"/>
    </property>
  </concept>
  <concept>
    <code value="58324"/>
    <display value="Intervenção farmacológica - prova de captopril (acresce ao Renograma)"/>
    <definition value="Intervenção farmacológica - prova de captopril (acresce ao Renograma)"/>
    <property>
      <code value="preco"/>
      <valueDecimal value="28.77"/>
    </property>
    <property>
      <code value="taxa"/>
      <valueDecimal value="8"/>
    </property>
  </concept>
  <concept>
    <code value="58330"/>
    <display value="Cistocintigrafia direta (a)"/>
    <definition value="Cistocintigrafia direta (a)"/>
  </concept>
</CodeSystem>