<?xml version="1.0" encoding="UTF-8"?>

<CodeSystem xmlns="http://hl7.org/fhir">
  <id value="mcdts-b-anatomia-cs"/>
  <text>
    <status value="generated"/><div xmlns="http://www.w3.org/1999/xhtml"><p class="res-header-id"><b>Narrativa gerada: CodeSystem mcdts-b-anatomia-cs</b></p><a name="mcdts-b-anatomia-cs"> </a><a name="hcmcdts-b-anatomia-cs"> </a><p><b>Propriedades</b></p><p><b>Este sistema de códigos define as seguintes propriedades para os seus conceitos</b></p><table class="grid"><tr><td><b>Nome</b></td><td><b>Código</b></td><td><b>Tipo</b></td><td><b>Descrição</b></td></tr><tr><td>preco</td><td>preco</td><td>decimal</td><td>Preço do MCDT</td></tr><tr><td>taxa</td><td>taxa</td><td>decimal</td><td>Taxa Moderadora</td></tr></table><p><b>Conceitos</b></p><p>Este  sistema de código <code>https://hl7-pt.github.io/terminologias/CodeSystem-mcdts-b-anatomia</code> define o seguinte códigos:</p><table class="codes"><tr><td style="white-space:nowrap"><b>Código</b></td><td><b>Ecrã</b></td><td><b>Definição</b></td><td><b>preco</b></td><td><b>taxa</b></td></tr><tr><td style="white-space:nowrap">30510<a name="mcdts-b-anatomia-cs-30510"> </a></td><td>Exame citológico cervico-vaginal</td><td>Exame citológico cervico-vaginal</td><td>5.42</td><td>3</td></tr><tr><td style="white-space:nowrap">30517<a name="mcdts-b-anatomia-cs-30517"> </a></td><td>Exame de citologia esfoliativa não cervico-vaginal</td><td>Exame de citologia esfoliativa não cervico-vaginal</td><td>9.21</td><td>4.5</td></tr><tr><td style="white-space:nowrap">30597<a name="mcdts-b-anatomia-cs-30597"> </a></td><td>Aspiração com agulha fina guiada por palpação com preparação de esfregaços e exame citológico do produto obtido</td><td>Aspiração com agulha fina guiada por palpação com preparação de esfregaços e exame citológico do produto obtido</td><td>0</td><td>0</td></tr><tr><td style="white-space:nowrap">30630<a name="mcdts-b-anatomia-cs-30630"> </a></td><td>Processamento e exame citológico de aspirado de agulha fina</td><td>Processamento e exame citológico de aspirado de agulha fina</td><td>0</td><td>0</td></tr><tr><td style="white-space:nowrap">30650<a name="mcdts-b-anatomia-cs-30650"> </a></td><td>Exame citológico cervico-vaginal com processamento automatizado em camada fina</td><td>Exame citológico cervico-vaginal com processamento automatizado em camada fina</td><td>0</td><td>0</td></tr><tr><td style="white-space:nowrap">30677<a name="mcdts-b-anatomia-cs-30677"> </a></td><td>Exame citológico não cervico-vaginal, com processamento automatizado em camada fina</td><td>Exame citológico não cervico-vaginal, com processamento automatizado em camada fina</td><td>0</td><td>0</td></tr><tr><td style="white-space:nowrap">31037<a name="mcdts-b-anatomia-cs-31037"> </a></td><td>Exame histológico, fragmentos de biópsia com processamento rápido</td><td>Exame histológico, fragmentos de biópsia com processamento rápido</td><td>11.9</td><td>11.9</td></tr><tr><td style="white-space:nowrap">31057<a name="mcdts-b-anatomia-cs-31057"> </a></td><td>Exame macroscópico e histológico de produto de biópsia incisional ou excisional, raspagem, curetagem ou de eliminação espontânea</td><td>Exame macroscópico e histológico de produto de biópsia incisional ou excisional, raspagem, curetagem ou de eliminação espontânea</td><td>12.75</td><td>12.75</td></tr><tr><td style="white-space:nowrap">31077<a name="mcdts-b-anatomia-cs-31077"> </a></td><td>Exame macroscópico e histológico de peça de ressecção cirúrgica ou de feto com 11 semanas ou menos</td><td>Exame macroscópico e histológico de peça de ressecção cirúrgica ou de feto com 11 semanas ou menos</td><td>0</td><td>0</td></tr><tr><td style="white-space:nowrap">31097<a name="mcdts-b-anatomia-cs-31097"> </a></td><td>Exame macroscópico e histológico de peça de ressecção cirúrgica com dissecção ganglionar e/ou avaliação da margem circunferencial e/ou mapeamento</td><td>Exame macroscópico e histológico de peça de ressecção cirúrgica com dissecção ganglionar e/ou avaliação da margem circunferencial e/ou mapeamento</td><td>0</td><td>0</td></tr><tr><td style="white-space:nowrap">31107<a name="mcdts-b-anatomia-cs-31107"> </a></td><td>Exame extemporâneo</td><td>Exame extemporâneo</td><td>22.28</td><td>14</td></tr><tr><td style="white-space:nowrap">31565<a name="mcdts-b-anatomia-cs-31565"> </a></td><td>Imunocito(histo)química, cada anticorpo</td><td>Imunocito(histo)química, cada anticorpo</td><td>32.01</td><td>5</td></tr><tr><td style="white-space:nowrap">31590<a name="mcdts-b-anatomia-cs-31590"> </a></td><td>Exame por microscopia eletrónica</td><td>Exame por microscopia eletrónica</td><td>46.05</td><td>25</td></tr></table></div>
  </text>
  <url value="https://hl7-pt.github.io/terminologias/CodeSystem-mcdts-b-anatomia"/>
  <version value="1.0.0"/>
  <name value="MCDTSB_AnatomiaCS"/>
  <title value="MCDTS Tabela Da Área B - Anatomia Patológica"/>
  <status value="active"/>
  <date value="2026-01-16T11:04:17+00:00"/>
  <publisher value="HL7 Portugal"/>
  <contact>
    <name value="HL7 Portugal"/>
    <telecom>
      <system value="url"/>
      <value value="http://hl7.pt"/>
    </telecom>
    <telecom>
      <system value="email"/>
      <value value="info@hl7.pt"/>
    </telecom>
  </contact>
  <contact>
    <name value="HL7 Portugal"/>
    <telecom>
      <system value="email"/>
      <value value="geral@hl7.pt"/>
      <use value="work"/>
    </telecom>
  </contact>
  <description value="Tabela Da Área B - Anatomia Patológica"/>
  <jurisdiction>
    <coding>
      <system value="urn:iso:std:iso:3166"/>
      <code value="PT"/>
      <display value="Portugal"/>
    </coding>
  </jurisdiction>
  <author>
    <name value="ACSS"/>
  </author>
  <content value="complete"/>
  <count value="13"/>
  <property>
    <code value="preco"/>
    <description value="Preço do MCDT"/>
    <type value="decimal"/>
  </property>
  <property>
    <code value="taxa"/>
    <description value="Taxa Moderadora"/>
    <type value="decimal"/>
  </property>
  <concept>
    <code value="30510"/>
    <display value="Exame citológico cervico-vaginal"/>
    <definition value="Exame citológico cervico-vaginal"/>
    <property>
      <code value="preco"/>
      <valueDecimal value="5.42"/>
    </property>
    <property>
      <code value="taxa"/>
      <valueDecimal value="3"/>
    </property>
  </concept>
  <concept>
    <code value="30517"/>
    <display value="Exame de citologia esfoliativa não cervico-vaginal"/>
    <definition value="Exame de citologia esfoliativa não cervico-vaginal"/>
    <property>
      <code value="preco"/>
      <valueDecimal value="9.21"/>
    </property>
    <property>
      <code value="taxa"/>
      <valueDecimal value="4.5"/>
    </property>
  </concept>
  <concept>
    <code value="30597"/>
    <display value="Aspiração com agulha fina guiada por palpação com preparação de esfregaços e exame citológico do produto obtido"/>
    <definition value="Aspiração com agulha fina guiada por palpação com preparação de esfregaços e exame citológico do produto obtido"/>
    <property>
      <code value="preco"/>
      <valueDecimal value="0"/>
    </property>
    <property>
      <code value="taxa"/>
      <valueDecimal value="0"/>
    </property>
  </concept>
  <concept>
    <code value="30630"/>
    <display value="Processamento e exame citológico de aspirado de agulha fina"/>
    <definition value="Processamento e exame citológico de aspirado de agulha fina"/>
    <property>
      <code value="preco"/>
      <valueDecimal value="0"/>
    </property>
    <property>
      <code value="taxa"/>
      <valueDecimal value="0"/>
    </property>
  </concept>
  <concept>
    <code value="30650"/>
    <display value="Exame citológico cervico-vaginal com processamento automatizado em camada fina"/>
    <definition value="Exame citológico cervico-vaginal com processamento automatizado em camada fina"/>
    <property>
      <code value="preco"/>
      <valueDecimal value="0"/>
    </property>
    <property>
      <code value="taxa"/>
      <valueDecimal value="0"/>
    </property>
  </concept>
  <concept>
    <code value="30677"/>
    <display value="Exame citológico não cervico-vaginal, com processamento automatizado em camada fina"/>
    <definition value="Exame citológico não cervico-vaginal, com processamento automatizado em camada fina"/>
    <property>
      <code value="preco"/>
      <valueDecimal value="0"/>
    </property>
    <property>
      <code value="taxa"/>
      <valueDecimal value="0"/>
    </property>
  </concept>
  <concept>
    <code value="31037"/>
    <display value="Exame histológico, fragmentos de biópsia com processamento rápido"/>
    <definition value="Exame histológico, fragmentos de biópsia com processamento rápido"/>
    <property>
      <code value="preco"/>
      <valueDecimal value="11.9"/>
    </property>
    <property>
      <code value="taxa"/>
      <valueDecimal value="11.9"/>
    </property>
  </concept>
  <concept>
    <code value="31057"/>
    <display value="Exame macroscópico e histológico de produto de biópsia incisional ou excisional, raspagem, curetagem ou de eliminação espontânea"/>
    <definition value="Exame macroscópico e histológico de produto de biópsia incisional ou excisional, raspagem, curetagem ou de eliminação espontânea"/>
    <property>
      <code value="preco"/>
      <valueDecimal value="12.75"/>
    </property>
    <property>
      <code value="taxa"/>
      <valueDecimal value="12.75"/>
    </property>
  </concept>
  <concept>
    <code value="31077"/>
    <display value="Exame macroscópico e histológico de peça de ressecção cirúrgica ou de feto com 11 semanas ou menos"/>
    <definition value="Exame macroscópico e histológico de peça de ressecção cirúrgica ou de feto com 11 semanas ou menos"/>
    <property>
      <code value="preco"/>
      <valueDecimal value="0"/>
    </property>
    <property>
      <code value="taxa"/>
      <valueDecimal value="0"/>
    </property>
  </concept>
  <concept>
    <code value="31097"/>
    <display value="Exame macroscópico e histológico de peça de ressecção cirúrgica com dissecção ganglionar e/ou avaliação da margem circunferencial e/ou mapeamento"/>
    <definition value="Exame macroscópico e histológico de peça de ressecção cirúrgica com dissecção ganglionar e/ou avaliação da margem circunferencial e/ou mapeamento"/>
    <property>
      <code value="preco"/>
      <valueDecimal value="0"/>
    </property>
    <property>
      <code value="taxa"/>
      <valueDecimal value="0"/>
    </property>
  </concept>
  <concept>
    <code value="31107"/>
    <display value="Exame extemporâneo"/>
    <definition value="Exame extemporâneo"/>
    <property>
      <code value="preco"/>
      <valueDecimal value="22.28"/>
    </property>
    <property>
      <code value="taxa"/>
      <valueDecimal value="14"/>
    </property>
  </concept>
  <concept>
    <code value="31565"/>
    <display value="Imunocito(histo)química, cada anticorpo"/>
    <definition value="Imunocito(histo)química, cada anticorpo"/>
    <property>
      <code value="preco"/>
      <valueDecimal value="32.01"/>
    </property>
    <property>
      <code value="taxa"/>
      <valueDecimal value="5"/>
    </property>
  </concept>
  <concept>
    <code value="31590"/>
    <display value="Exame por microscopia eletrónica"/>
    <definition value="Exame por microscopia eletrónica"/>
    <property>
      <code value="preco"/>
      <valueDecimal value="46.05"/>
    </property>
    <property>
      <code value="taxa"/>
      <valueDecimal value="25"/>
    </property>
  </concept>
</CodeSystem>