{
  "resourceType" : "CodeSystem",
  "id" : "especialidades-enfermagem-cs",
  "text" : {
    "status" : "generated",
    "div" : "<div xmlns=\"http://www.w3.org/1999/xhtml\"><p class=\"res-header-id\"><b>Narrativa gerada: CodeSystem especialidades-enfermagem-cs</b></p><a name=\"especialidades-enfermagem-cs\"> </a><a name=\"hcespecialidades-enfermagem-cs\"> </a><p>Este  sistema de código <code>https://hl7-pt.github.io/terminologias/CodeSystem-especialidades-enfermagem</code> define o seguinte códigos:</p><table class=\"codes\"><tr><td style=\"white-space:nowrap\"><b>Código</b></td><td><b>Ecrã</b></td><td><b>Definição</b></td></tr><tr><td style=\"white-space:nowrap\">1<a name=\"especialidades-enfermagem-cs-1\"> </a></td><td>Comunitária</td><td>Comunitária</td></tr><tr><td style=\"white-space:nowrap\">2<a name=\"especialidades-enfermagem-cs-2\"> </a></td><td>Enfermagem Médico-Cirúrgica</td><td>Enfermagem Médico-Cirúrgica</td></tr><tr><td style=\"white-space:nowrap\">3<a name=\"especialidades-enfermagem-cs-3\"> </a></td><td>Enfermagem de Reabilitação</td><td>Enfermagem de Reabilitação</td></tr><tr><td style=\"white-space:nowrap\">4<a name=\"especialidades-enfermagem-cs-4\"> </a></td><td>Enfermagem de Saúde Infantil e Pediátrica</td><td>Enfermagem de Saúde Infantil e Pediátrica</td></tr><tr><td style=\"white-space:nowrap\">5<a name=\"especialidades-enfermagem-cs-5\"> </a></td><td>Enfermagem de Saúde Materna e Obstétrica</td><td>Enfermagem de Saúde Materna e Obstétrica</td></tr><tr><td style=\"white-space:nowrap\">6<a name=\"especialidades-enfermagem-cs-6\"> </a></td><td>Enfermagem de Saúde Mental e Psiquiátrica</td><td>Enfermagem de Saúde Mental e Psiquiátrica</td></tr><tr><td style=\"white-space:nowrap\">7<a name=\"especialidades-enfermagem-cs-7\"> </a></td><td>Enfermagem de Saúde Comunitária e de Saúde Pública</td><td>Enfermagem de Saúde Comunitária e de Saúde Pública</td></tr><tr><td style=\"white-space:nowrap\">8<a name=\"especialidades-enfermagem-cs-8\"> </a></td><td>Enfermagem de Saúde Familiar</td><td>Enfermagem de Saúde Familiar</td></tr><tr><td style=\"white-space:nowrap\">9<a name=\"especialidades-enfermagem-cs-9\"> </a></td><td>Enfermagem à Pessoa em Situação Crítica</td><td>Enfermagem à Pessoa em Situação Crítica</td></tr><tr><td style=\"white-space:nowrap\">10<a name=\"especialidades-enfermagem-cs-10\"> </a></td><td>Enfermagem à Pessoa em Situação Crónica</td><td>Enfermagem à Pessoa em Situação Crónica</td></tr><tr><td style=\"white-space:nowrap\">11<a name=\"especialidades-enfermagem-cs-11\"> </a></td><td>Enfermagem à Pessoa em Situação Paliativa</td><td>Enfermagem à Pessoa em Situação Paliativa</td></tr><tr><td style=\"white-space:nowrap\">12<a name=\"especialidades-enfermagem-cs-12\"> </a></td><td>Enfermagem à Pessoa em Situação Perioperatória</td><td>Enfermagem à Pessoa em Situação Perioperatória</td></tr></table></div>"
  },
  "url" : "https://hl7-pt.github.io/terminologias/CodeSystem-especialidades-enfermagem",
  "version" : "1.0.0",
  "name" : "EspecialidadesEnfermagemCS",
  "title" : "Especialidades Enfermagem",
  "status" : "active",
  "date" : "2026-01-16T11:04:17+00:00",
  "publisher" : "HL7 Portugal",
  "contact" : [{
    "name" : "HL7 Portugal",
    "telecom" : [{
      "system" : "url",
      "value" : "http://hl7.pt"
    },
    {
      "system" : "email",
      "value" : "info@hl7.pt"
    }]
  },
  {
    "name" : "HL7 Portugal",
    "telecom" : [{
      "system" : "email",
      "value" : "geral@hl7.pt",
      "use" : "work"
    }]
  }],
  "description" : "Especialidades enfermagem existentes em Portugal",
  "jurisdiction" : [{
    "coding" : [{
      "system" : "urn:iso:std:iso:3166",
      "code" : "PT",
      "display" : "Portugal"
    }]
  }],
  "author" : [{
    "name" : "Ordem dos Enfermeiros"
  }],
  "content" : "complete",
  "count" : 12,
  "concept" : [{
    "code" : "1",
    "display" : "Comunitária",
    "definition" : "Comunitária"
  },
  {
    "code" : "2",
    "display" : "Enfermagem Médico-Cirúrgica",
    "definition" : "Enfermagem Médico-Cirúrgica"
  },
  {
    "code" : "3",
    "display" : "Enfermagem de Reabilitação",
    "definition" : "Enfermagem de Reabilitação"
  },
  {
    "code" : "4",
    "display" : "Enfermagem de Saúde Infantil e Pediátrica",
    "definition" : "Enfermagem de Saúde Infantil e Pediátrica"
  },
  {
    "code" : "5",
    "display" : "Enfermagem de Saúde Materna e Obstétrica",
    "definition" : "Enfermagem de Saúde Materna e Obstétrica"
  },
  {
    "code" : "6",
    "display" : "Enfermagem de Saúde Mental e Psiquiátrica",
    "definition" : "Enfermagem de Saúde Mental e Psiquiátrica"
  },
  {
    "code" : "7",
    "display" : "Enfermagem de Saúde Comunitária e de Saúde Pública",
    "definition" : "Enfermagem de Saúde Comunitária e de Saúde Pública"
  },
  {
    "code" : "8",
    "display" : "Enfermagem de Saúde Familiar",
    "definition" : "Enfermagem de Saúde Familiar"
  },
  {
    "code" : "9",
    "display" : "Enfermagem à Pessoa em Situação Crítica",
    "definition" : "Enfermagem à Pessoa em Situação Crítica"
  },
  {
    "code" : "10",
    "display" : "Enfermagem à Pessoa em Situação Crónica",
    "definition" : "Enfermagem à Pessoa em Situação Crónica"
  },
  {
    "code" : "11",
    "display" : "Enfermagem à Pessoa em Situação Paliativa",
    "definition" : "Enfermagem à Pessoa em Situação Paliativa"
  },
  {
    "code" : "12",
    "display" : "Enfermagem à Pessoa em Situação Perioperatória",
    "definition" : "Enfermagem à Pessoa em Situação Perioperatória"
  }]
}