<?xml version="1.0" encoding="UTF-8"?>

<CodeSystem xmlns="http://hl7.org/fhir">
  <id value="cparm-routes-cs"/>
  <text>
    <status value="generated"/><div xmlns="http://www.w3.org/1999/xhtml"><p class="res-header-id"><b>Narrativa gerada: CodeSystem cparm-routes-cs</b></p><a name="cparm-routes-cs"> </a><a name="hccparm-routes-cs"> </a><p>Este  sistema de código <code>https://hl7-pt.github.io/terminologias/CodeSystem-cparm-routes</code> define o seguinte códigos:</p><table class="codes"><tr><td style="white-space:nowrap"><b>Código</b></td><td><b>Ecrã</b></td><td><b>Definição</b></td></tr><tr><td style="white-space:nowrap">20001000<a name="cparm-routes-cs-20001000"> </a></td><td>Uso auricular</td><td>Administração de um fármaco no ouvido</td></tr><tr><td style="white-space:nowrap">20002000<a name="cparm-routes-cs-20002000"> </a></td><td>Uso aculear</td><td>Administração de um fármaco veterinário por imersão do bico das aves numa solução aquosa do fármaco</td></tr><tr><td style="white-space:nowrap">20002500<a name="cparm-routes-cs-20002500"> </a></td><td>Uso bucal</td><td>Administração de um fármaco na cavidade oral para obter um efeito sistémico</td></tr><tr><td style="white-space:nowrap">20003000<a name="cparm-routes-cs-20003000"> </a></td><td>Uso cutâneo</td><td>Administração de um fármaco à pele e/ou feridas e/ou unhas e/ou pêlos, para obter um efeito local</td></tr><tr><td style="white-space:nowrap">20004000<a name="cparm-routes-cs-20004000"> </a></td><td>Uso dental</td><td>Administração de um fármaco aos dentes e/ou em redor dos nervos, que inervam os dentes</td></tr><tr><td style="white-space:nowrap">20005000<a name="cparm-routes-cs-20005000"> </a></td><td>Banho medicamentoso</td><td>Administração de um fármaco veterinário por imersão do animal numa banheira ou piscina de imersão que contém o fármaco</td></tr><tr><td style="white-space:nowrap">20006000<a name="cparm-routes-cs-20006000"> </a></td><td>Via endocervical</td><td>Administração de um fármaco ao colo uterino</td></tr><tr><td style="white-space:nowrap">20007000<a name="cparm-routes-cs-20007000"> </a></td><td>Uso endossinusal</td><td>Administração de um fármaco aos seios perinasais para obter um efeito local</td></tr><tr><td style="white-space:nowrap">20008000<a name="cparm-routes-cs-20008000"> </a></td><td>Via endotraqueobrônquica</td><td>Administração de um fármaco à traqueia e/ou brônquios para instilação (preparações para a inalação são excluídas; ver via inalatória)</td></tr><tr><td style="white-space:nowrap">20009000<a name="cparm-routes-cs-20009000"> </a></td><td>Via epidural</td><td>Injeção de um fármaco no espaço epidural</td></tr><tr><td style="white-space:nowrap">20010000<a name="cparm-routes-cs-20010000"> </a></td><td>Uso epilesional</td><td>Administração de um fármaco numa lesão</td></tr><tr><td style="white-space:nowrap">20011000<a name="cparm-routes-cs-20011000"> </a></td><td>Via extra-amniótica</td><td>Injeção de um fármaco entre as membranas coriónica e amniótica</td></tr><tr><td style="white-space:nowrap">20011500<a name="cparm-routes-cs-20011500"> </a></td><td>Uso extracorpóreo</td><td>Uso de um fármaco fora do organismo</td></tr><tr><td style="white-space:nowrap">20012000<a name="cparm-routes-cs-20012000"> </a></td><td>Uso intrapodal</td><td>Administração de um fármaco veterinário na pata das aves</td></tr><tr><td style="white-space:nowrap">20013000<a name="cparm-routes-cs-20013000"> </a></td><td>Via gastroentérica</td><td>Administração de um fármaco no estômago ou duodeno, através de um dispositivo apropriado. Para usar apenas quando a via gástrica e intestinal não se aplicam</td></tr><tr><td style="white-space:nowrap">20013500<a name="cparm-routes-cs-20013500"> </a></td><td>Via gástrica</td><td>Administração de um fármaco no estômago através de um dispositivo apropriado</td></tr><tr><td style="white-space:nowrap">20014000<a name="cparm-routes-cs-20014000"> </a></td><td>Uso gengival</td><td>Administração de um fármaco nas gengivas</td></tr><tr><td style="white-space:nowrap">20015000<a name="cparm-routes-cs-20015000"> </a></td><td>Hemodiálise</td><td>Depuração do sangue através de uma membrana semipermeável</td></tr><tr><td style="white-space:nowrap">20015500<a name="cparm-routes-cs-20015500"> </a></td><td>Implantação</td><td>Inserção de um implante ou tecido vivo equivalente, num tecido vivo</td></tr><tr><td style="white-space:nowrap">20015700<a name="cparm-routes-cs-20015700"> </a></td><td>Administração na água de bebida</td><td>Administração de um fármaco veterinário por incorporação na água de beber do animal</td></tr><tr><td style="white-space:nowrap">20016000<a name="cparm-routes-cs-20016000"> </a></td><td>Alimento medicamentoso líquido</td><td>Administração de um fármaco veterinário por incorporação na água de beber do animal, leite ou derivado do leite</td></tr><tr><td style="white-space:nowrap">20017000<a name="cparm-routes-cs-20017000"> </a></td><td>Via transcoriónica</td><td>Administração de um fármaco veterinário através da casca de um ovo embrionado</td></tr><tr><td style="white-space:nowrap">20018000<a name="cparm-routes-cs-20018000"> </a></td><td>Alimento medicamentoso sólido</td><td>Administração de um fármaco veterinário por incorporação na ração animal</td></tr><tr><td style="white-space:nowrap">20019000<a name="cparm-routes-cs-20019000"> </a></td><td>Aplicação apícola</td><td>Administração de um fármaco veterinário por colocação ou aspersão sobre uma colmeia</td></tr><tr><td style="white-space:nowrap">20019500<a name="cparm-routes-cs-20019500"> </a></td><td>Infiltração</td><td>Método de administração, geralmente por injeção, através do qual um fluido passa para um tecido alvo (ex. infiltração anestésica)</td></tr><tr><td style="white-space:nowrap">20020000<a name="cparm-routes-cs-20020000"> </a></td><td>Via inalatoria</td><td>Administração de um fármaco ao aparelho respiratório por inalação, para obter um efeito sistémico ou local, no aparelho respiratório inferior. As vias nasal e endotraqueopulmonar, são excluídas</td></tr><tr><td style="white-space:nowrap">20021000<a name="cparm-routes-cs-20021000"> </a></td><td>Via intestinal</td><td>Administração de um fármaco ao duodeno, jejuno íleon e colon através de um dispositivo apropriado. O uso gastroentérico é excluído</td></tr><tr><td style="white-space:nowrap">20022000<a name="cparm-routes-cs-20022000"> </a></td><td>Via intra-amniótica</td><td>Injeção de um fármaco no líquido amniótico</td></tr><tr><td style="white-space:nowrap">20023000<a name="cparm-routes-cs-20023000"> </a></td><td>Via intra-arterial</td><td>Injeção de um fármaco numa artéria</td></tr><tr><td style="white-space:nowrap">20024000<a name="cparm-routes-cs-20024000"> </a></td><td>Via intra-articular</td><td>Injeção de um fármaco numa cavidade articular</td></tr><tr><td style="white-space:nowrap">20025000<a name="cparm-routes-cs-20025000"> </a></td><td>Via intrassinovial</td><td>Injeção de um fármaco entre as bursas e tendões</td></tr><tr><td style="white-space:nowrap">20025500<a name="cparm-routes-cs-20025500"> </a></td><td>Via intracameral</td><td>Administração de um fármaco diretamente na câmara anterior do olho</td></tr><tr><td style="white-space:nowrap">20026000<a name="cparm-routes-cs-20026000"> </a></td><td>Via intracardíaca</td><td>Injeção de um fármaco no miocárdio ou numa cavidade cardíaca</td></tr><tr><td style="white-space:nowrap">20026500<a name="cparm-routes-cs-20026500"> </a></td><td>Via intracartilaginosa</td><td>Administração de um fármaco na cartilagem</td></tr><tr><td style="white-space:nowrap">20027000<a name="cparm-routes-cs-20027000"> </a></td><td>Via intracavernosa</td><td>Injeção de um fármaco no corpo cavernoso</td></tr><tr><td style="white-space:nowrap">20027010<a name="cparm-routes-cs-20027010"> </a></td><td>Via intracerebral</td><td>Administração de um fármaco diretamente no tecido cerebral</td></tr><tr><td style="white-space:nowrap">20028000<a name="cparm-routes-cs-20028000"> </a></td><td>Via intracervical</td><td>Injeção de um fármaco no cólo do útero</td></tr><tr><td style="white-space:nowrap">20028300<a name="cparm-routes-cs-20028300"> </a></td><td>Via intracolangiopancreática</td><td>Injeção de um fármaco no ducto biliar e pancreático, por exemplo através de uma cânula introduzida na ampola de Vater, geralmente para administração de um meio de contraste para técnicas como a colangiopancreaticografia retrógrada endoscópica (CPRE)</td></tr><tr><td style="white-space:nowrap">20028500<a name="cparm-routes-cs-20028500"> </a></td><td>Via intracisternal</td><td>Administração de um fármaco dentro da cisterna magna</td></tr><tr><td style="white-space:nowrap">20029000<a name="cparm-routes-cs-20029000"> </a></td><td>Via intracoronária</td><td>Injeção de um fármaco na artéria coronária</td></tr><tr><td style="white-space:nowrap">20030000<a name="cparm-routes-cs-20030000"> </a></td><td>Via intradérmica</td><td>Injeção de um fármaco na derme</td></tr><tr><td style="white-space:nowrap">20031000<a name="cparm-routes-cs-20031000"> </a></td><td>Via intradiscal</td><td>Injeção de um fármaco no núcleo polposo de um disco intervertebral</td></tr><tr><td style="white-space:nowrap">20031500<a name="cparm-routes-cs-20031500"> </a></td><td>Via intraepidérmica</td><td>Administração de um fármaco na epiderme</td></tr><tr><td style="white-space:nowrap">20031700<a name="cparm-routes-cs-20031700"> </a></td><td>Via intraglandular</td><td>Administração de um fármaco diretamente numa glândula, geralmente por injeção. A ser usado apenas em casos em que os termos mais específicos, como &quot;intramamário ou intraprostático&quot;, não se aplicam</td></tr><tr><td style="white-space:nowrap">20032000<a name="cparm-routes-cs-20032000"> </a></td><td>Uso intralesional</td><td>Administração de um fármaco por injeção ou quaisquer outros meios, diretamente numa lesão</td></tr><tr><td style="white-space:nowrap">20033000<a name="cparm-routes-cs-20033000"> </a></td><td>Via intralinfática</td><td>Injeção de um fármaco num vaso linfático</td></tr><tr><td style="white-space:nowrap">20034000<a name="cparm-routes-cs-20034000"> </a></td><td>Via intramamária</td><td>Administração de um fármaco veterinário na glândula mamária</td></tr><tr><td style="white-space:nowrap">20035000<a name="cparm-routes-cs-20035000"> </a></td><td>Via intramuscular</td><td>Injeção de um fármaco no tecido muscular</td></tr><tr><td style="white-space:nowrap">20036000<a name="cparm-routes-cs-20036000"> </a></td><td>Uso intraocular</td><td>Administração de um fármaco no olho. O termo 'uso intraocular' é apenas para utlizar quando um termo mais específico (ex.&quot;'uso intracameral&quot;, &quot;uso intravítreo&quot;) não se aplica. O uso ocular e subconjuntival são excluídos</td></tr><tr><td style="white-space:nowrap">20036500<a name="cparm-routes-cs-20036500"> </a></td><td>Uso intraósseo</td><td>Administração de um fármacona medula óssea. A utilização intraesternal é excluída</td></tr><tr><td style="white-space:nowrap">20037000<a name="cparm-routes-cs-20037000"> </a></td><td>Via intrapericárdica</td><td>Injeção de um fármaco no pericárdio</td></tr><tr><td style="white-space:nowrap">20038000<a name="cparm-routes-cs-20038000"> </a></td><td>Via intraperitoneal</td><td>Injeção de um fármaco na cavidade peritoneal</td></tr><tr><td style="white-space:nowrap">20039000<a name="cparm-routes-cs-20039000"> </a></td><td>Via intrapleural</td><td>Injeção de um fármaco na cavidade pleural</td></tr><tr><td style="white-space:nowrap">20039200<a name="cparm-routes-cs-20039200"> </a></td><td>Uso intraportal</td><td>Injeção/infusão de um fármaco na veia porta para atingir o fígado</td></tr><tr><td style="white-space:nowrap">20039500<a name="cparm-routes-cs-20039500"> </a></td><td>Via intraprostática</td><td>Administração de um fármaco na próstata</td></tr><tr><td style="white-space:nowrap">20039800<a name="cparm-routes-cs-20039800"> </a></td><td>Via intrapulmonar</td><td>Administração de um fármaco no pulmão, geralmente por injeção. Excluem-se 'uso por inalação' e 'via endotraqueobrônquica'</td></tr><tr><td style="white-space:nowrap">20086000<a name="cparm-routes-cs-20086000"> </a></td><td>Via intraputaminal</td><td>Administração de um fármaco em um ou ambos os putâmens do cérebro</td></tr><tr><td style="white-space:nowrap">20040000<a name="cparm-routes-cs-20040000"> </a></td><td>Via intrarruminal</td><td>Administração de um fármaco veterinário no rúmen</td></tr><tr><td style="white-space:nowrap">20041000<a name="cparm-routes-cs-20041000"> </a></td><td>Via intraesternal</td><td>Injeção de um fármaco na medula óssea do esterno</td></tr><tr><td style="white-space:nowrap">20042000<a name="cparm-routes-cs-20042000"> </a></td><td>Via intratecal</td><td>Injeção de um fármaco no espaço subaracnoideu através da dura</td></tr><tr><td style="white-space:nowrap">20043000<a name="cparm-routes-cs-20043000"> </a></td><td>Via intratumoral</td><td>Injeção de um fármaco num tumor</td></tr><tr><td style="white-space:nowrap">20044000<a name="cparm-routes-cs-20044000"> </a></td><td>Via intrauterina</td><td>Administração de um fármaco na cavidade uterina</td></tr><tr><td style="white-space:nowrap">20045000<a name="cparm-routes-cs-20045000"> </a></td><td>Via intravenosa</td><td>Injeção de um fármaco numa veia</td></tr><tr><td style="white-space:nowrap">20046000<a name="cparm-routes-cs-20046000"> </a></td><td>Via intravesical</td><td>Administração de um fármaco na bexiga</td></tr><tr><td style="white-space:nowrap">20047000<a name="cparm-routes-cs-20047000"> </a></td><td>Uso intravítreo</td><td>Administração de um fármaco na câmara posterior do olho</td></tr><tr><td style="white-space:nowrap">20047500<a name="cparm-routes-cs-20047500"> </a></td><td>Iontoforese</td><td>Introdução de uma substância ionisada através de pele intacta, por aplicação de uma corrente elétrica direta</td></tr><tr><td style="white-space:nowrap">20048000<a name="cparm-routes-cs-20048000"> </a></td><td>Uso laringofaríngeo</td><td>Administração de um fármaco à laringofaringe, para obter um efeito local (anestésico)</td></tr><tr><td style="white-space:nowrap">20049000<a name="cparm-routes-cs-20049000"> </a></td><td>Via nasal</td><td>Administração de um fármaco ao nariz para obter um efeito local ou sistémico. A terapêutica inalatória pretendida para o aparelho respiratório inferior é excluída; ver a &quot;via inalatória&quot;</td></tr><tr><td style="white-space:nowrap">20050000<a name="cparm-routes-cs-20050000"> </a></td><td>Nebulização</td><td>Administração de um fármaco veterinário convertido em aerossol para medicação em massa, por exemplo de aves</td></tr><tr><td style="white-space:nowrap">20051000<a name="cparm-routes-cs-20051000"> </a></td><td>Uso oftálmico</td><td>Administração de um fármaco no globo ocular e/ou conjuntiva</td></tr><tr><td style="white-space:nowrap">20052000<a name="cparm-routes-cs-20052000"> </a></td><td>Via oculonasal</td><td>Administração de um fármaco veterinário por instilação (gota a gota) nos olhos e narinas de animais individuais (geralmente aves) ou pulverização nos animais para obter o mesmo efeito</td></tr><tr><td style="white-space:nowrap">20053000<a name="cparm-routes-cs-20053000"> </a></td><td>Via oral</td><td>Ingerir um fármaco através da deglutição</td></tr><tr><td style="white-space:nowrap">20054000<a name="cparm-routes-cs-20054000"> </a></td><td>Via bucal</td><td>Administração de um fármaco na cavidade oral para obter quer um efeito sistémico, quer local. O termo &quot;bucal&quot;  é para ser utlizado quando um termo mais específico (ex. oral, gengival, sublingual...) não se aplica. A via oral é excluída</td></tr><tr><td style="white-space:nowrap">20055000<a name="cparm-routes-cs-20055000"> </a></td><td>Uso orofaríngeo</td><td>Administração de um fármaco na orofaringe para obter um efeito local</td></tr><tr><td style="white-space:nowrap">20056000<a name="cparm-routes-cs-20056000"> </a></td><td>Via paravertebral</td><td>Injeção de um fármaco veterinário ao longo da coluna vertebral de animais</td></tr><tr><td style="white-space:nowrap">20057000<a name="cparm-routes-cs-20057000"> </a></td><td>Via periarticular</td><td>Injeção de um fármaco em redor de uma articulação</td></tr><tr><td style="white-space:nowrap">20058000<a name="cparm-routes-cs-20058000"> </a></td><td>Via perineural</td><td>Injeção de um fármaco na vizinhança imediata de um ou mais nervos</td></tr><tr><td style="white-space:nowrap">20059000<a name="cparm-routes-cs-20059000"> </a></td><td>Uso periodontal</td><td>Administração na bolsa entre os dentes e as gengivas</td></tr><tr><td style="white-space:nowrap">20059300<a name="cparm-routes-cs-20059300"> </a></td><td>Via perióssea</td><td>Administração de um fármaco em redor de um osso</td></tr><tr><td style="white-space:nowrap">20059400<a name="cparm-routes-cs-20059400"> </a></td><td>Via peritumoral</td><td>Administração de um fármaco, diretamente na região vizinha de um tumor</td></tr><tr><td style="white-space:nowrap">20059500<a name="cparm-routes-cs-20059500"> </a></td><td>Via justa-escleral posterior</td><td>Administração de um fármaco sob a membrana sub-tendinosa da esclera (i.e. no espaço episclera), adjacente à mácula</td></tr><tr><td style="white-space:nowrap">20060000<a name="cparm-routes-cs-20060000"> </a></td><td>Unção contínua</td><td>Administração de um fármaco veterinário por injeção na linha média dorsal do animal ou no topo da cabeça e à volta da base dos cornos</td></tr><tr><td style="white-space:nowrap">20061000<a name="cparm-routes-cs-20061000"> </a></td><td>Via retal</td><td>Administração de um fármaco ao reto, para obter um efeito local ou sistémico</td></tr><tr><td style="white-space:nowrap">20061500<a name="cparm-routes-cs-20061500"> </a></td><td>Via retrobulbar</td><td>Administração de um fármaco por trás do globo ocular</td></tr><tr><td style="white-space:nowrap">20062000<a name="cparm-routes-cs-20062000"> </a></td><td>Via de administração não especificada</td><td>Aplica-se a fármacos que não entrem diretamente em contacto com o organismo de um doente, ou administração a vários locais anatómicos não especificados</td></tr><tr><td style="white-space:nowrap">20063000<a name="cparm-routes-cs-20063000"> </a></td><td>Escarificação</td><td>Administração de um fármaco, riscando a pele</td></tr><tr><td style="white-space:nowrap">20064000<a name="cparm-routes-cs-20064000"> </a></td><td>Unção punctiforme</td><td>Administração de um fármaco veterinário num único local nas costas do animal ou na base da nuca</td></tr><tr><td style="white-space:nowrap">20065000<a name="cparm-routes-cs-20065000"> </a></td><td>Via subconjuntival</td><td>Injeção de um fármaco sob a conjuntiva</td></tr><tr><td style="white-space:nowrap">20066000<a name="cparm-routes-cs-20066000"> </a></td><td>Via subcutânea</td><td>Injeção de um fármaco diretamente sob a pele, i.e. subdérmico</td></tr><tr><td style="white-space:nowrap">20067000<a name="cparm-routes-cs-20067000"> </a></td><td>Via sublingual</td><td>Administração de um fármaco sob a língua, para obter um efeito sistémico</td></tr><tr><td style="white-space:nowrap">20067500<a name="cparm-routes-cs-20067500"> </a></td><td>Via submucosa</td><td>Injeção de um fármaco diretamente sob uma mucosa</td></tr><tr><td style="white-space:nowrap">20068000<a name="cparm-routes-cs-20068000"> </a></td><td>Uso mamário externo</td><td>Administração de um fármaco veterinário na superfície da(s) teta(s). A imersão da teta está incluída</td></tr><tr><td style="white-space:nowrap">20069000<a name="cparm-routes-cs-20069000"> </a></td><td>Dispersão superficial no alimento</td><td>Administração de um fármaco veterinário por aplicação na superfície do alimento imediatamente antes da alimentação</td></tr><tr><td style="white-space:nowrap">20070000<a name="cparm-routes-cs-20070000"> </a></td><td>Via transdérmica</td><td>Administração de um fármaco à pele para obter um efeito sistémico, ultrapassando a barreira cutânea</td></tr><tr><td style="white-space:nowrap">20071000<a name="cparm-routes-cs-20071000"> </a></td><td>Via uretral</td><td>Administração de um fármaco à uretra</td></tr><tr><td style="white-space:nowrap">20072000<a name="cparm-routes-cs-20072000"> </a></td><td>Uso vaginal</td><td>Administração de um fármaco à vagina</td></tr><tr><td style="white-space:nowrap">20080000<a name="cparm-routes-cs-20080000"> </a></td><td>Via intracerebroventricular</td><td>Administração de um fármaco aos ventrículos cerebrais (sistema ventricular) do cérebro</td></tr><tr><td style="white-space:nowrap">20084000<a name="cparm-routes-cs-20084000"> </a></td><td>Via intracorneal</td><td>Administração de um fármaco à córnea</td></tr><tr><td style="white-space:nowrap">20081000<a name="cparm-routes-cs-20081000"> </a></td><td>Via subretiniana</td><td>Administração de um fármaco entre a retina sensorial (retina neural) e o epitélio pigmentar da retina do olho</td></tr><tr><td style="white-space:nowrap">20073000<a name="cparm-routes-cs-20073000"> </a></td><td>Uso no meio aquático</td><td>Administração de um fármaco veterinário a espécies aquáticas (marinhas ou de água doce) por medicação do meio aquático</td></tr><tr><td style="white-space:nowrap">20074000<a name="cparm-routes-cs-20074000"> </a></td><td>Inoculação alar</td><td>Administração de um fármaco veterinário na asa de uma ave</td></tr><tr><td style="white-space:nowrap">20087000<a name="cparm-routes-cs-20087000"> </a></td><td>Via extrapleural</td><td>Injecção de um fármaco directamente fora da cavidade pleural, entre a pleura parietal e a fáscia endotorácica.</td></tr></table></div>
  </text>
  <url value="https://hl7-pt.github.io/terminologias/CodeSystem-cparm-routes"/>
  <version value="1.0.0"/>
  <name value="CPARMRoutesCS"/>
  <title value="Vias de Administração"/>
  <status value="active"/>
  <date value="2026-01-16T11:04:17+00:00"/>
  <publisher value="HL7 Portugal"/>
  <contact>
    <name value="HL7 Portugal"/>
    <telecom>
      <system value="url"/>
      <value value="http://hl7.pt"/>
    </telecom>
    <telecom>
      <system value="email"/>
      <value value="info@hl7.pt"/>
    </telecom>
  </contact>
  <contact>
    <name value="HL7 Portugal"/>
    <telecom>
      <system value="email"/>
      <value value="geral@hl7.pt"/>
      <use value="work"/>
    </telecom>
  </contact>
  <description value="Vias de Administração de medicamentos"/>
  <jurisdiction>
    <coding>
      <system value="urn:iso:std:iso:3166"/>
      <code value="PT"/>
      <display value="Portugal"/>
    </coding>
  </jurisdiction>
  <author>
    <name value="Centro de Terminologias Clínicas"/>
  </author>
  <content value="complete"/>
  <count value="102"/>
  <concept>
    <code value="20001000"/>
    <display value="Uso auricular"/>
    <definition value="Administração de um fármaco no ouvido"/>
  </concept>
  <concept>
    <code value="20002000"/>
    <display value="Uso aculear"/>
    <definition value="Administração de um fármaco veterinário por imersão do bico das aves numa solução aquosa do fármaco"/>
  </concept>
  <concept>
    <code value="20002500"/>
    <display value="Uso bucal"/>
    <definition value="Administração de um fármaco na cavidade oral para obter um efeito sistémico"/>
  </concept>
  <concept>
    <code value="20003000"/>
    <display value="Uso cutâneo"/>
    <definition value="Administração de um fármaco à pele e/ou feridas e/ou unhas e/ou pêlos, para obter um efeito local"/>
  </concept>
  <concept>
    <code value="20004000"/>
    <display value="Uso dental"/>
    <definition value="Administração de um fármaco aos dentes e/ou em redor dos nervos, que inervam os dentes"/>
  </concept>
  <concept>
    <code value="20005000"/>
    <display value="Banho medicamentoso"/>
    <definition value="Administração de um fármaco veterinário por imersão do animal numa banheira ou piscina de imersão que contém o fármaco"/>
  </concept>
  <concept>
    <code value="20006000"/>
    <display value="Via endocervical"/>
    <definition value="Administração de um fármaco ao colo uterino"/>
  </concept>
  <concept>
    <code value="20007000"/>
    <display value="Uso endossinusal"/>
    <definition value="Administração de um fármaco aos seios perinasais para obter um efeito local"/>
  </concept>
  <concept>
    <code value="20008000"/>
    <display value="Via endotraqueobrônquica"/>
    <definition value="Administração de um fármaco à traqueia e/ou brônquios para instilação (preparações para a inalação são excluídas; ver via inalatória)"/>
  </concept>
  <concept>
    <code value="20009000"/>
    <display value="Via epidural"/>
    <definition value="Injeção de um fármaco no espaço epidural"/>
  </concept>
  <concept>
    <code value="20010000"/>
    <display value="Uso epilesional"/>
    <definition value="Administração de um fármaco numa lesão"/>
  </concept>
  <concept>
    <code value="20011000"/>
    <display value="Via extra-amniótica"/>
    <definition value="Injeção de um fármaco entre as membranas coriónica e amniótica"/>
  </concept>
  <concept>
    <code value="20011500"/>
    <display value="Uso extracorpóreo"/>
    <definition value="Uso de um fármaco fora do organismo"/>
  </concept>
  <concept>
    <code value="20012000"/>
    <display value="Uso intrapodal"/>
    <definition value="Administração de um fármaco veterinário na pata das aves"/>
  </concept>
  <concept>
    <code value="20013000"/>
    <display value="Via gastroentérica"/>
    <definition value="Administração de um fármaco no estômago ou duodeno, através de um dispositivo apropriado. Para usar apenas quando a via gástrica e intestinal não se aplicam"/>
  </concept>
  <concept>
    <code value="20013500"/>
    <display value="Via gástrica"/>
    <definition value="Administração de um fármaco no estômago através de um dispositivo apropriado"/>
  </concept>
  <concept>
    <code value="20014000"/>
    <display value="Uso gengival"/>
    <definition value="Administração de um fármaco nas gengivas"/>
  </concept>
  <concept>
    <code value="20015000"/>
    <display value="Hemodiálise"/>
    <definition value="Depuração do sangue através de uma membrana semipermeável"/>
  </concept>
  <concept>
    <code value="20015500"/>
    <display value="Implantação"/>
    <definition value="Inserção de um implante ou tecido vivo equivalente, num tecido vivo"/>
  </concept>
  <concept>
    <code value="20015700"/>
    <display value="Administração na água de bebida"/>
    <definition value="Administração de um fármaco veterinário por incorporação na água de beber do animal"/>
  </concept>
  <concept>
    <code value="20016000"/>
    <display value="Alimento medicamentoso líquido"/>
    <definition value="Administração de um fármaco veterinário por incorporação na água de beber do animal, leite ou derivado do leite"/>
  </concept>
  <concept>
    <code value="20017000"/>
    <display value="Via transcoriónica"/>
    <definition value="Administração de um fármaco veterinário através da casca de um ovo embrionado"/>
  </concept>
  <concept>
    <code value="20018000"/>
    <display value="Alimento medicamentoso sólido"/>
    <definition value="Administração de um fármaco veterinário por incorporação na ração animal"/>
  </concept>
  <concept>
    <code value="20019000"/>
    <display value="Aplicação apícola"/>
    <definition value="Administração de um fármaco veterinário por colocação ou aspersão sobre uma colmeia"/>
  </concept>
  <concept>
    <code value="20019500"/>
    <display value="Infiltração"/>
    <definition value="Método de administração, geralmente por injeção, através do qual um fluido passa para um tecido alvo (ex. infiltração anestésica)"/>
  </concept>
  <concept>
    <code value="20020000"/>
    <display value="Via inalatoria"/>
    <definition value="Administração de um fármaco ao aparelho respiratório por inalação, para obter um efeito sistémico ou local, no aparelho respiratório inferior. As vias nasal e endotraqueopulmonar, são excluídas"/>
  </concept>
  <concept>
    <code value="20021000"/>
    <display value="Via intestinal"/>
    <definition value="Administração de um fármaco ao duodeno, jejuno íleon e colon através de um dispositivo apropriado. O uso gastroentérico é excluído"/>
  </concept>
  <concept>
    <code value="20022000"/>
    <display value="Via intra-amniótica"/>
    <definition value="Injeção de um fármaco no líquido amniótico"/>
  </concept>
  <concept>
    <code value="20023000"/>
    <display value="Via intra-arterial"/>
    <definition value="Injeção de um fármaco numa artéria"/>
  </concept>
  <concept>
    <code value="20024000"/>
    <display value="Via intra-articular"/>
    <definition value="Injeção de um fármaco numa cavidade articular"/>
  </concept>
  <concept>
    <code value="20025000"/>
    <display value="Via intrassinovial"/>
    <definition value="Injeção de um fármaco entre as bursas e tendões"/>
  </concept>
  <concept>
    <code value="20025500"/>
    <display value="Via intracameral"/>
    <definition value="Administração de um fármaco diretamente na câmara anterior do olho"/>
  </concept>
  <concept>
    <code value="20026000"/>
    <display value="Via intracardíaca"/>
    <definition value="Injeção de um fármaco no miocárdio ou numa cavidade cardíaca"/>
  </concept>
  <concept>
    <code value="20026500"/>
    <display value="Via intracartilaginosa"/>
    <definition value="Administração de um fármaco na cartilagem"/>
  </concept>
  <concept>
    <code value="20027000"/>
    <display value="Via intracavernosa"/>
    <definition value="Injeção de um fármaco no corpo cavernoso"/>
  </concept>
  <concept>
    <code value="20027010"/>
    <display value="Via intracerebral"/>
    <definition value="Administração de um fármaco diretamente no tecido cerebral"/>
  </concept>
  <concept>
    <code value="20028000"/>
    <display value="Via intracervical"/>
    <definition value="Injeção de um fármaco no cólo do útero"/>
  </concept>
  <concept>
    <code value="20028300"/>
    <display value="Via intracolangiopancreática"/>
    <definition value="Injeção de um fármaco no ducto biliar e pancreático, por exemplo através de uma cânula introduzida na ampola de Vater, geralmente para administração de um meio de contraste para técnicas como a colangiopancreaticografia retrógrada endoscópica (CPRE)"/>
  </concept>
  <concept>
    <code value="20028500"/>
    <display value="Via intracisternal"/>
    <definition value="Administração de um fármaco dentro da cisterna magna"/>
  </concept>
  <concept>
    <code value="20029000"/>
    <display value="Via intracoronária"/>
    <definition value="Injeção de um fármaco na artéria coronária"/>
  </concept>
  <concept>
    <code value="20030000"/>
    <display value="Via intradérmica"/>
    <definition value="Injeção de um fármaco na derme"/>
  </concept>
  <concept>
    <code value="20031000"/>
    <display value="Via intradiscal"/>
    <definition value="Injeção de um fármaco no núcleo polposo de um disco intervertebral"/>
  </concept>
  <concept>
    <code value="20031500"/>
    <display value="Via intraepidérmica"/>
    <definition value="Administração de um fármaco na epiderme"/>
  </concept>
  <concept>
    <code value="20031700"/>
    <display value="Via intraglandular"/>
    <definition value="Administração de um fármaco diretamente numa glândula, geralmente por injeção. A ser usado apenas em casos em que os termos mais específicos, como &quot;intramamário ou intraprostático&quot;, não se aplicam"/>
  </concept>
  <concept>
    <code value="20032000"/>
    <display value="Uso intralesional"/>
    <definition value="Administração de um fármaco por injeção ou quaisquer outros meios, diretamente numa lesão"/>
  </concept>
  <concept>
    <code value="20033000"/>
    <display value="Via intralinfática"/>
    <definition value="Injeção de um fármaco num vaso linfático"/>
  </concept>
  <concept>
    <code value="20034000"/>
    <display value="Via intramamária"/>
    <definition value="Administração de um fármaco veterinário na glândula mamária"/>
  </concept>
  <concept>
    <code value="20035000"/>
    <display value="Via intramuscular"/>
    <definition value="Injeção de um fármaco no tecido muscular"/>
  </concept>
  <concept>
    <code value="20036000"/>
    <display value="Uso intraocular"/>
    <definition value="Administração de um fármaco no olho. O termo 'uso intraocular' é apenas para utlizar quando um termo mais específico (ex.&quot;'uso intracameral&quot;, &quot;uso intravítreo&quot;) não se aplica. O uso ocular e subconjuntival são excluídos"/>
  </concept>
  <concept>
    <code value="20036500"/>
    <display value="Uso intraósseo"/>
    <definition value="Administração de um fármacona medula óssea. A utilização intraesternal é excluída"/>
  </concept>
  <concept>
    <code value="20037000"/>
    <display value="Via intrapericárdica"/>
    <definition value="Injeção de um fármaco no pericárdio"/>
  </concept>
  <concept>
    <code value="20038000"/>
    <display value="Via intraperitoneal"/>
    <definition value="Injeção de um fármaco na cavidade peritoneal"/>
  </concept>
  <concept>
    <code value="20039000"/>
    <display value="Via intrapleural"/>
    <definition value="Injeção de um fármaco na cavidade pleural"/>
  </concept>
  <concept>
    <code value="20039200"/>
    <display value="Uso intraportal"/>
    <definition value="Injeção/infusão de um fármaco na veia porta para atingir o fígado"/>
  </concept>
  <concept>
    <code value="20039500"/>
    <display value="Via intraprostática"/>
    <definition value="Administração de um fármaco na próstata"/>
  </concept>
  <concept>
    <code value="20039800"/>
    <display value="Via intrapulmonar"/>
    <definition value="Administração de um fármaco no pulmão, geralmente por injeção. Excluem-se 'uso por inalação' e 'via endotraqueobrônquica'"/>
  </concept>
  <concept>
    <code value="20086000"/>
    <display value="Via intraputaminal"/>
    <definition value="Administração de um fármaco em um ou ambos os putâmens do cérebro"/>
  </concept>
  <concept>
    <code value="20040000"/>
    <display value="Via intrarruminal"/>
    <definition value="Administração de um fármaco veterinário no rúmen"/>
  </concept>
  <concept>
    <code value="20041000"/>
    <display value="Via intraesternal"/>
    <definition value="Injeção de um fármaco na medula óssea do esterno"/>
  </concept>
  <concept>
    <code value="20042000"/>
    <display value="Via intratecal"/>
    <definition value="Injeção de um fármaco no espaço subaracnoideu através da dura"/>
  </concept>
  <concept>
    <code value="20043000"/>
    <display value="Via intratumoral"/>
    <definition value="Injeção de um fármaco num tumor"/>
  </concept>
  <concept>
    <code value="20044000"/>
    <display value="Via intrauterina"/>
    <definition value="Administração de um fármaco na cavidade uterina"/>
  </concept>
  <concept>
    <code value="20045000"/>
    <display value="Via intravenosa"/>
    <definition value="Injeção de um fármaco numa veia"/>
  </concept>
  <concept>
    <code value="20046000"/>
    <display value="Via intravesical"/>
    <definition value="Administração de um fármaco na bexiga"/>
  </concept>
  <concept>
    <code value="20047000"/>
    <display value="Uso intravítreo"/>
    <definition value="Administração de um fármaco na câmara posterior do olho"/>
  </concept>
  <concept>
    <code value="20047500"/>
    <display value="Iontoforese"/>
    <definition value="Introdução de uma substância ionisada através de pele intacta, por aplicação de uma corrente elétrica direta"/>
  </concept>
  <concept>
    <code value="20048000"/>
    <display value="Uso laringofaríngeo"/>
    <definition value="Administração de um fármaco à laringofaringe, para obter um efeito local (anestésico)"/>
  </concept>
  <concept>
    <code value="20049000"/>
    <display value="Via nasal"/>
    <definition value="Administração de um fármaco ao nariz para obter um efeito local ou sistémico. A terapêutica inalatória pretendida para o aparelho respiratório inferior é excluída; ver a &quot;via inalatória&quot;"/>
  </concept>
  <concept>
    <code value="20050000"/>
    <display value="Nebulização"/>
    <definition value="Administração de um fármaco veterinário convertido em aerossol para medicação em massa, por exemplo de aves"/>
  </concept>
  <concept>
    <code value="20051000"/>
    <display value="Uso oftálmico"/>
    <definition value="Administração de um fármaco no globo ocular e/ou conjuntiva"/>
  </concept>
  <concept>
    <code value="20052000"/>
    <display value="Via oculonasal"/>
    <definition value="Administração de um fármaco veterinário por instilação (gota a gota) nos olhos e narinas de animais individuais (geralmente aves) ou pulverização nos animais para obter o mesmo efeito"/>
  </concept>
  <concept>
    <code value="20053000"/>
    <display value="Via oral"/>
    <definition value="Ingerir um fármaco através da deglutição"/>
  </concept>
  <concept>
    <code value="20054000"/>
    <display value="Via bucal"/>
    <definition value="Administração de um fármaco na cavidade oral para obter quer um efeito sistémico, quer local. O termo &quot;bucal&quot;  é para ser utlizado quando um termo mais específico (ex. oral, gengival, sublingual...) não se aplica. A via oral é excluída"/>
  </concept>
  <concept>
    <code value="20055000"/>
    <display value="Uso orofaríngeo"/>
    <definition value="Administração de um fármaco na orofaringe para obter um efeito local"/>
  </concept>
  <concept>
    <code value="20056000"/>
    <display value="Via paravertebral"/>
    <definition value="Injeção de um fármaco veterinário ao longo da coluna vertebral de animais"/>
  </concept>
  <concept>
    <code value="20057000"/>
    <display value="Via periarticular"/>
    <definition value="Injeção de um fármaco em redor de uma articulação"/>
  </concept>
  <concept>
    <code value="20058000"/>
    <display value="Via perineural"/>
    <definition value="Injeção de um fármaco na vizinhança imediata de um ou mais nervos"/>
  </concept>
  <concept>
    <code value="20059000"/>
    <display value="Uso periodontal"/>
    <definition value="Administração na bolsa entre os dentes e as gengivas"/>
  </concept>
  <concept>
    <code value="20059300"/>
    <display value="Via perióssea"/>
    <definition value="Administração de um fármaco em redor de um osso"/>
  </concept>
  <concept>
    <code value="20059400"/>
    <display value="Via peritumoral"/>
    <definition value="Administração de um fármaco, diretamente na região vizinha de um tumor"/>
  </concept>
  <concept>
    <code value="20059500"/>
    <display value="Via justa-escleral posterior"/>
    <definition value="Administração de um fármaco sob a membrana sub-tendinosa da esclera (i.e. no espaço episclera), adjacente à mácula"/>
  </concept>
  <concept>
    <code value="20060000"/>
    <display value="Unção contínua"/>
    <definition value="Administração de um fármaco veterinário por injeção na linha média dorsal do animal ou no topo da cabeça e à volta da base dos cornos"/>
  </concept>
  <concept>
    <code value="20061000"/>
    <display value="Via retal"/>
    <definition value="Administração de um fármaco ao reto, para obter um efeito local ou sistémico"/>
  </concept>
  <concept>
    <code value="20061500"/>
    <display value="Via retrobulbar"/>
    <definition value="Administração de um fármaco por trás do globo ocular"/>
  </concept>
  <concept>
    <code value="20062000"/>
    <display value="Via de administração não especificada"/>
    <definition value="Aplica-se a fármacos que não entrem diretamente em contacto com o organismo de um doente, ou administração a vários locais anatómicos não especificados"/>
  </concept>
  <concept>
    <code value="20063000"/>
    <display value="Escarificação"/>
    <definition value="Administração de um fármaco, riscando a pele"/>
  </concept>
  <concept>
    <code value="20064000"/>
    <display value="Unção punctiforme"/>
    <definition value="Administração de um fármaco veterinário num único local nas costas do animal ou na base da nuca"/>
  </concept>
  <concept>
    <code value="20065000"/>
    <display value="Via subconjuntival"/>
    <definition value="Injeção de um fármaco sob a conjuntiva"/>
  </concept>
  <concept>
    <code value="20066000"/>
    <display value="Via subcutânea"/>
    <definition value="Injeção de um fármaco diretamente sob a pele, i.e. subdérmico"/>
  </concept>
  <concept>
    <code value="20067000"/>
    <display value="Via sublingual"/>
    <definition value="Administração de um fármaco sob a língua, para obter um efeito sistémico"/>
  </concept>
  <concept>
    <code value="20067500"/>
    <display value="Via submucosa"/>
    <definition value="Injeção de um fármaco diretamente sob uma mucosa"/>
  </concept>
  <concept>
    <code value="20068000"/>
    <display value="Uso mamário externo"/>
    <definition value="Administração de um fármaco veterinário na superfície da(s) teta(s). A imersão da teta está incluída"/>
  </concept>
  <concept>
    <code value="20069000"/>
    <display value="Dispersão superficial no alimento"/>
    <definition value="Administração de um fármaco veterinário por aplicação na superfície do alimento imediatamente antes da alimentação"/>
  </concept>
  <concept>
    <code value="20070000"/>
    <display value="Via transdérmica"/>
    <definition value="Administração de um fármaco à pele para obter um efeito sistémico, ultrapassando a barreira cutânea"/>
  </concept>
  <concept>
    <code value="20071000"/>
    <display value="Via uretral"/>
    <definition value="Administração de um fármaco à uretra"/>
  </concept>
  <concept>
    <code value="20072000"/>
    <display value="Uso vaginal"/>
    <definition value="Administração de um fármaco à vagina"/>
  </concept>
  <concept>
    <code value="20080000"/>
    <display value="Via intracerebroventricular"/>
    <definition value="Administração de um fármaco aos ventrículos cerebrais (sistema ventricular) do cérebro"/>
  </concept>
  <concept>
    <code value="20084000"/>
    <display value="Via intracorneal"/>
    <definition value="Administração de um fármaco à córnea"/>
  </concept>
  <concept>
    <code value="20081000"/>
    <display value="Via subretiniana"/>
    <definition value="Administração de um fármaco entre a retina sensorial (retina neural) e o epitélio pigmentar da retina do olho"/>
  </concept>
  <concept>
    <code value="20073000"/>
    <display value="Uso no meio aquático"/>
    <definition value="Administração de um fármaco veterinário a espécies aquáticas (marinhas ou de água doce) por medicação do meio aquático"/>
  </concept>
  <concept>
    <code value="20074000"/>
    <display value="Inoculação alar"/>
    <definition value="Administração de um fármaco veterinário na asa de uma ave"/>
  </concept>
  <concept>
    <code value="20087000"/>
    <display value="Via extrapleural"/>
    <definition value="Injecção de um fármaco directamente fora da cavidade pleural, entre a pleura parietal e a fáscia endotorácica."/>
  </concept>
</CodeSystem>