{
  "resourceType" : "CodeSystem",
  "id" : "mcdts-b-anatomia-cs",
  "text" : {
    "status" : "generated",
    "div" : "<div xmlns=\"http://www.w3.org/1999/xhtml\"><p class=\"res-header-id\"><b>Narrativa gerada: CodeSystem mcdts-b-anatomia-cs</b></p><a name=\"mcdts-b-anatomia-cs\"> </a><a name=\"hcmcdts-b-anatomia-cs\"> </a><p><b>Propriedades</b></p><p><b>Este sistema de códigos define as seguintes propriedades para os seus conceitos</b></p><table class=\"grid\"><tr><td><b>Nome</b></td><td><b>Código</b></td><td><b>Tipo</b></td><td><b>Descrição</b></td></tr><tr><td>preco</td><td>preco</td><td>decimal</td><td>Preço do MCDT</td></tr><tr><td>taxa</td><td>taxa</td><td>decimal</td><td>Taxa Moderadora</td></tr></table><p><b>Conceitos</b></p><p>Este  sistema de código <code>https://hl7-pt.github.io/terminologias/CodeSystem-mcdts-b-anatomia</code> define o seguinte códigos:</p><table class=\"codes\"><tr><td style=\"white-space:nowrap\"><b>Código</b></td><td><b>Ecrã</b></td><td><b>Definição</b></td><td><b>preco</b></td><td><b>taxa</b></td></tr><tr><td style=\"white-space:nowrap\">30510<a name=\"mcdts-b-anatomia-cs-30510\"> </a></td><td>Exame citológico cervico-vaginal</td><td>Exame citológico cervico-vaginal</td><td>5.42</td><td>3</td></tr><tr><td style=\"white-space:nowrap\">30517<a name=\"mcdts-b-anatomia-cs-30517\"> </a></td><td>Exame de citologia esfoliativa não cervico-vaginal</td><td>Exame de citologia esfoliativa não cervico-vaginal</td><td>9.21</td><td>4.5</td></tr><tr><td style=\"white-space:nowrap\">30597<a name=\"mcdts-b-anatomia-cs-30597\"> </a></td><td>Aspiração com agulha fina guiada por palpação com preparação de esfregaços e exame citológico do produto obtido</td><td>Aspiração com agulha fina guiada por palpação com preparação de esfregaços e exame citológico do produto obtido</td><td>0</td><td>0</td></tr><tr><td style=\"white-space:nowrap\">30630<a name=\"mcdts-b-anatomia-cs-30630\"> </a></td><td>Processamento e exame citológico de aspirado de agulha fina</td><td>Processamento e exame citológico de aspirado de agulha fina</td><td>0</td><td>0</td></tr><tr><td style=\"white-space:nowrap\">30650<a name=\"mcdts-b-anatomia-cs-30650\"> </a></td><td>Exame citológico cervico-vaginal com processamento automatizado em camada fina</td><td>Exame citológico cervico-vaginal com processamento automatizado em camada fina</td><td>0</td><td>0</td></tr><tr><td style=\"white-space:nowrap\">30677<a name=\"mcdts-b-anatomia-cs-30677\"> </a></td><td>Exame citológico não cervico-vaginal, com processamento automatizado em camada fina</td><td>Exame citológico não cervico-vaginal, com processamento automatizado em camada fina</td><td>0</td><td>0</td></tr><tr><td style=\"white-space:nowrap\">31037<a name=\"mcdts-b-anatomia-cs-31037\"> </a></td><td>Exame histológico, fragmentos de biópsia com processamento rápido</td><td>Exame histológico, fragmentos de biópsia com processamento rápido</td><td>11.9</td><td>11.9</td></tr><tr><td style=\"white-space:nowrap\">31057<a name=\"mcdts-b-anatomia-cs-31057\"> </a></td><td>Exame macroscópico e histológico de produto de biópsia incisional ou excisional, raspagem, curetagem ou de eliminação espontânea</td><td>Exame macroscópico e histológico de produto de biópsia incisional ou excisional, raspagem, curetagem ou de eliminação espontânea</td><td>12.75</td><td>12.75</td></tr><tr><td style=\"white-space:nowrap\">31077<a name=\"mcdts-b-anatomia-cs-31077\"> </a></td><td>Exame macroscópico e histológico de peça de ressecção cirúrgica ou de feto com 11 semanas ou menos</td><td>Exame macroscópico e histológico de peça de ressecção cirúrgica ou de feto com 11 semanas ou menos</td><td>0</td><td>0</td></tr><tr><td style=\"white-space:nowrap\">31097<a name=\"mcdts-b-anatomia-cs-31097\"> </a></td><td>Exame macroscópico e histológico de peça de ressecção cirúrgica com dissecção ganglionar e/ou avaliação da margem circunferencial e/ou mapeamento</td><td>Exame macroscópico e histológico de peça de ressecção cirúrgica com dissecção ganglionar e/ou avaliação da margem circunferencial e/ou mapeamento</td><td>0</td><td>0</td></tr><tr><td style=\"white-space:nowrap\">31107<a name=\"mcdts-b-anatomia-cs-31107\"> </a></td><td>Exame extemporâneo</td><td>Exame extemporâneo</td><td>22.28</td><td>14</td></tr><tr><td style=\"white-space:nowrap\">31565<a name=\"mcdts-b-anatomia-cs-31565\"> </a></td><td>Imunocito(histo)química, cada anticorpo</td><td>Imunocito(histo)química, cada anticorpo</td><td>32.01</td><td>5</td></tr><tr><td style=\"white-space:nowrap\">31590<a name=\"mcdts-b-anatomia-cs-31590\"> </a></td><td>Exame por microscopia eletrónica</td><td>Exame por microscopia eletrónica</td><td>46.05</td><td>25</td></tr></table></div>"
  },
  "url" : "https://hl7-pt.github.io/terminologias/CodeSystem-mcdts-b-anatomia",
  "version" : "1.0.0",
  "name" : "MCDTSB_AnatomiaCS",
  "title" : "MCDTS Tabela Da Área B - Anatomia Patológica",
  "status" : "active",
  "date" : "2026-01-16T11:04:17+00:00",
  "publisher" : "HL7 Portugal",
  "contact" : [{
    "name" : "HL7 Portugal",
    "telecom" : [{
      "system" : "url",
      "value" : "http://hl7.pt"
    },
    {
      "system" : "email",
      "value" : "info@hl7.pt"
    }]
  },
  {
    "name" : "HL7 Portugal",
    "telecom" : [{
      "system" : "email",
      "value" : "geral@hl7.pt",
      "use" : "work"
    }]
  }],
  "description" : "Tabela Da Área B - Anatomia Patológica",
  "jurisdiction" : [{
    "coding" : [{
      "system" : "urn:iso:std:iso:3166",
      "code" : "PT",
      "display" : "Portugal"
    }]
  }],
  "author" : [{
    "name" : "ACSS"
  }],
  "content" : "complete",
  "count" : 13,
  "property" : [{
    "code" : "preco",
    "description" : "Preço do MCDT",
    "type" : "decimal"
  },
  {
    "code" : "taxa",
    "description" : "Taxa Moderadora",
    "type" : "decimal"
  }],
  "concept" : [{
    "code" : "30510",
    "display" : "Exame citológico cervico-vaginal",
    "definition" : "Exame citológico cervico-vaginal",
    "property" : [{
      "code" : "preco",
      "valueDecimal" : 5.42
    },
    {
      "code" : "taxa",
      "valueDecimal" : 3
    }]
  },
  {
    "code" : "30517",
    "display" : "Exame de citologia esfoliativa não cervico-vaginal",
    "definition" : "Exame de citologia esfoliativa não cervico-vaginal",
    "property" : [{
      "code" : "preco",
      "valueDecimal" : 9.21
    },
    {
      "code" : "taxa",
      "valueDecimal" : 4.5
    }]
  },
  {
    "code" : "30597",
    "display" : "Aspiração com agulha fina guiada por palpação com preparação de esfregaços e exame citológico do produto obtido",
    "definition" : "Aspiração com agulha fina guiada por palpação com preparação de esfregaços e exame citológico do produto obtido",
    "property" : [{
      "code" : "preco",
      "valueDecimal" : 0
    },
    {
      "code" : "taxa",
      "valueDecimal" : 0
    }]
  },
  {
    "code" : "30630",
    "display" : "Processamento e exame citológico de aspirado de agulha fina",
    "definition" : "Processamento e exame citológico de aspirado de agulha fina",
    "property" : [{
      "code" : "preco",
      "valueDecimal" : 0
    },
    {
      "code" : "taxa",
      "valueDecimal" : 0
    }]
  },
  {
    "code" : "30650",
    "display" : "Exame citológico cervico-vaginal com processamento automatizado em camada fina",
    "definition" : "Exame citológico cervico-vaginal com processamento automatizado em camada fina",
    "property" : [{
      "code" : "preco",
      "valueDecimal" : 0
    },
    {
      "code" : "taxa",
      "valueDecimal" : 0
    }]
  },
  {
    "code" : "30677",
    "display" : "Exame citológico não cervico-vaginal, com processamento automatizado em camada fina",
    "definition" : "Exame citológico não cervico-vaginal, com processamento automatizado em camada fina",
    "property" : [{
      "code" : "preco",
      "valueDecimal" : 0
    },
    {
      "code" : "taxa",
      "valueDecimal" : 0
    }]
  },
  {
    "code" : "31037",
    "display" : "Exame histológico, fragmentos de biópsia com processamento rápido",
    "definition" : "Exame histológico, fragmentos de biópsia com processamento rápido",
    "property" : [{
      "code" : "preco",
      "valueDecimal" : 11.9
    },
    {
      "code" : "taxa",
      "valueDecimal" : 11.9
    }]
  },
  {
    "code" : "31057",
    "display" : "Exame macroscópico e histológico de produto de biópsia incisional ou excisional, raspagem, curetagem ou de eliminação espontânea",
    "definition" : "Exame macroscópico e histológico de produto de biópsia incisional ou excisional, raspagem, curetagem ou de eliminação espontânea",
    "property" : [{
      "code" : "preco",
      "valueDecimal" : 12.75
    },
    {
      "code" : "taxa",
      "valueDecimal" : 12.75
    }]
  },
  {
    "code" : "31077",
    "display" : "Exame macroscópico e histológico de peça de ressecção cirúrgica ou de feto com 11 semanas ou menos",
    "definition" : "Exame macroscópico e histológico de peça de ressecção cirúrgica ou de feto com 11 semanas ou menos",
    "property" : [{
      "code" : "preco",
      "valueDecimal" : 0
    },
    {
      "code" : "taxa",
      "valueDecimal" : 0
    }]
  },
  {
    "code" : "31097",
    "display" : "Exame macroscópico e histológico de peça de ressecção cirúrgica com dissecção ganglionar e/ou avaliação da margem circunferencial e/ou mapeamento",
    "definition" : "Exame macroscópico e histológico de peça de ressecção cirúrgica com dissecção ganglionar e/ou avaliação da margem circunferencial e/ou mapeamento",
    "property" : [{
      "code" : "preco",
      "valueDecimal" : 0
    },
    {
      "code" : "taxa",
      "valueDecimal" : 0
    }]
  },
  {
    "code" : "31107",
    "display" : "Exame extemporâneo",
    "definition" : "Exame extemporâneo",
    "property" : [{
      "code" : "preco",
      "valueDecimal" : 22.28
    },
    {
      "code" : "taxa",
      "valueDecimal" : 14
    }]
  },
  {
    "code" : "31565",
    "display" : "Imunocito(histo)química, cada anticorpo",
    "definition" : "Imunocito(histo)química, cada anticorpo",
    "property" : [{
      "code" : "preco",
      "valueDecimal" : 32.01
    },
    {
      "code" : "taxa",
      "valueDecimal" : 5
    }]
  },
  {
    "code" : "31590",
    "display" : "Exame por microscopia eletrónica",
    "definition" : "Exame por microscopia eletrónica",
    "property" : [{
      "code" : "preco",
      "valueDecimal" : 46.05
    },
    {
      "code" : "taxa",
      "valueDecimal" : 25
    }]
  }]
}