<?xml version="1.0" encoding="UTF-8"?>

<ConceptMap xmlns="http://hl7.org/fhir">
  <id value="mcdts-e-eeg-sns-conv"/>
  <text>
    <status value="generated"/><div xmlns="http://www.w3.org/1999/xhtml"><p class="res-header-id"><b>Narrativa gerada: ConceptMap mcdts-e-eeg-sns-conv</b></p><a name="mcdts-e-eeg-sns-conv"> </a><a name="hcmcdts-e-eeg-sns-conv"> </a><p>Mapeamento de (não especificado) para (não especificado)</p><br/><p><b>Grupo 1 </b>Mapeamento de <code>https://terminologias.hl7.pt/fhir/CodeSystem/mcdts-e-eeg-cs</code> to <code>https://www.acss.pt</code></p><table class="grid"><tr><td><b>Código fonte</b></td><td><b>Relacionamento</b></td><td><b>Código de destino</b></td></tr><tr><td>63010</td><td><a href="http://hl7.org/fhir/R5/codesystem-concept-map-relationship.html#equivalent" title="equivalent">is equivalent to</a></td><td>019.1</td></tr><tr><td>63011</td><td><a href="http://hl7.org/fhir/R5/codesystem-concept-map-relationship.html#equivalent" title="equivalent">is equivalent to</a></td><td>005.1</td></tr><tr><td>63017</td><td><a href="http://hl7.org/fhir/R5/codesystem-concept-map-relationship.html#equivalent" title="equivalent">is equivalent to</a></td><td>022.1</td></tr><tr><td>63020</td><td><a href="http://hl7.org/fhir/R5/codesystem-concept-map-relationship.html#equivalent" title="equivalent">is equivalent to</a></td><td>002.7</td></tr></table></div>
  </text>
  <url value="https://hl7.pt/fhir/Terminologias/ConceptMap/mcdts-e-eeg-sns-conv"/>
  <version value="1.0.0"/>
  <name value="MCDTS-e-eeg-SNS-CONV"/>
  <title value="Mapeamento de códigos SNS para códigos convencionados para Tabela Da Área E - Electroencefalografia "/>
  <status value="draft"/>
  <experimental value="true"/>
  <date value="2024-12-11"/>
  <publisher value="HL7 Portugal"/>
  <contact>
    <name value="HL7 Portugal"/>
    <telecom>
      <system value="url"/>
      <value value="http://hl7.pt"/>
    </telecom>
    <telecom>
      <system value="email"/>
      <value value="info@hl7.pt"/>
    </telecom>
  </contact>
  <contact>
    <name value="HL7 Portugal"/>
    <telecom>
      <system value="email"/>
      <value value="geral@hl7.pt"/>
      <use value="work"/>
    </telecom>
  </contact>
  <jurisdiction>
    <coding>
      <system value="urn:iso:std:iso:3166"/>
      <code value="PT"/>
      <display value="Portugal"/>
    </coding>
  </jurisdiction>
  <group>
    <source value="https://terminologias.hl7.pt/fhir/CodeSystem/mcdts-e-eeg-cs"/>
    <target value="https://www.acss.pt"/>
    <element>
      <code value="63010"/>
      <target>
        <code value="019.1"/>
        <relationship value="equivalent"/>
      </target>
    </element>
    <element>
      <code value="63011"/>
      <target>
        <code value="005.1"/>
        <relationship value="equivalent"/>
      </target>
    </element>
    <element>
      <code value="63017"/>
      <target>
        <code value="022.1"/>
        <relationship value="equivalent"/>
      </target>
    </element>
    <element>
      <code value="63020"/>
      <target>
        <code value="002.7"/>
        <relationship value="equivalent"/>
      </target>
    </element>
  </group>
</ConceptMap>