<?xml version="1.0" encoding="UTF-8"?>

<ConceptMap xmlns="http://hl7.org/fhir">
  <id value="sonho-admission-causes-to-snomed"/>
  <text>
    <status value="generated"/><div xmlns="http://www.w3.org/1999/xhtml"><p class="res-header-id"><b>Narrativa gerada: ConceptMap sonho-admission-causes-to-snomed</b></p><a name="sonho-admission-causes-to-snomed"> </a><a name="hcsonho-admission-causes-to-snomed"> </a><p>Mapeamento de (não especificado) para (não especificado)</p><br/><p><b>Grupo 1 </b>Mapeamento de <a href="CodeSystem-sonho-admission-causes-cs.html">SONHO - Causas de admissão (2024)</a> to <code>http://snomed.info/sct</code> (SNOMED CT)</p><table class="grid"><tr><td><b>Código fonte</b></td><td><b>Relacionamento</b></td><td><b>Código de destino</b></td></tr><tr><td>3 (Acidente)</td><td><a href="http://hl7.org/fhir/R5/codesystem-concept-map-relationship.html#equivalent" title="equivalent">is equivalent to</a></td><td>418019003 (Accidental event (event))</td></tr><tr><td>2 (Acidente durante atividade laboral)</td><td><a href="http://hl7.org/fhir/R5/codesystem-concept-map-relationship.html#equivalent" title="equivalent">is equivalent to</a></td><td>17542004 (Accident while engaged in work-related activity)</td></tr><tr><td>9 (Acidente durante atividade escolar)</td><td><a href="http://hl7.org/fhir/R5/codesystem-concept-map-relationship.html#equivalent" title="equivalent">is equivalent to</a></td><td>1258919008 (Accident while engaged in school activity)</td></tr><tr><td>10 (Queda)</td><td><a href="http://hl7.org/fhir/R5/codesystem-concept-map-relationship.html#equivalent" title="equivalent">is equivalent to</a></td><td>1912002 (Fall)</td></tr><tr><td>11 (Acidente de avião)</td><td><a href="http://hl7.org/fhir/R5/codesystem-concept-map-relationship.html#equivalent" title="equivalent">is equivalent to</a></td><td>386680008 (Aeroplane accident)</td></tr><tr><td>12 (Acidente durante atividade doméstica)</td><td><a href="http://hl7.org/fhir/R5/codesystem-concept-map-relationship.html#equivalent" title="equivalent">is equivalent to</a></td><td>79573009 (Accident while engaged in household activity)</td></tr><tr><td>13 (Afogamento)</td><td><a href="http://hl7.org/fhir/R5/codesystem-concept-map-relationship.html#equivalent" title="equivalent">is equivalent to</a></td><td>40947009 (Drowning)</td></tr><tr><td>18 (Acidente durante atividade desportiva)</td><td><a href="http://hl7.org/fhir/R5/codesystem-concept-map-relationship.html#equivalent" title="equivalent">is equivalent to</a></td><td>57701003 (Accident while engaged in sports activity)</td></tr><tr><td>1 (Acidente de viação)</td><td><a href="http://hl7.org/fhir/R5/codesystem-concept-map-relationship.html#equivalent" title="equivalent">is equivalent to</a></td><td>214031005 (Motor vehicle traffic accident)</td></tr><tr><td>4 (Agressão)</td><td><a href="http://hl7.org/fhir/R5/codesystem-concept-map-relationship.html#equivalent" title="equivalent">is equivalent to</a></td><td>52684005 (Assault)</td></tr><tr><td>5 (Doença)</td><td><a href="http://hl7.org/fhir/R5/codesystem-concept-map-relationship.html#equivalent" title="equivalent">is equivalent to</a></td><td>64572001 (Disease)</td></tr><tr><td>19 (Morto à chegada ao hospital)</td><td><a href="http://hl7.org/fhir/R5/codesystem-concept-map-relationship.html#equivalent" title="equivalent">is equivalent to</a></td><td>63238001 (D.O.A.)</td></tr><tr><td>6 (Gravidez, parto e puerpério)</td><td><a href="http://hl7.org/fhir/R5/codesystem-concept-map-relationship.html#equivalent" title="equivalent">is equivalent to</a></td><td>248982007 (Pregnancy, childbirth and puerperium finding)</td></tr><tr><td>26 (Lesão autoinfligida)</td><td><a href="http://hl7.org/fhir/R5/codesystem-concept-map-relationship.html#equivalent" title="equivalent">is equivalent to</a></td><td>276853009 (Self inflicted injury)</td></tr><tr><td>17 (Intoxicação)</td><td><a href="http://hl7.org/fhir/R5/codesystem-concept-map-relationship.html#equivalent" title="equivalent">is equivalent to</a></td><td>1149322001 (Intoxication)</td></tr><tr><td>14 (Ferimento)</td><td><a href="http://hl7.org/fhir/R5/codesystem-concept-map-relationship.html#equivalent" title="equivalent">is equivalent to</a></td><td>417746004 (Traumatic injury (disorder))</td></tr><tr><td>24 (Lesão causada por animal)</td><td><a href="http://hl7.org/fhir/R5/codesystem-concept-map-relationship.html#equivalent" title="equivalent">is equivalent to</a></td><td>242651001 (Injury caused by animal)</td></tr><tr><td>16 (Agressão sexual)</td><td><a href="http://hl7.org/fhir/R5/codesystem-concept-map-relationship.html#equivalent" title="equivalent">is equivalent to</a></td><td>248110007 (Sexual assault)</td></tr><tr><td>23 (Violência doméstica)</td><td><a href="http://hl7.org/fhir/R5/codesystem-concept-map-relationship.html#equivalent" title="equivalent">is equivalent to</a></td><td>404189009 (Domestic violence)</td></tr><tr><td>30 (Testagem)</td><td><a href="http://hl7.org/fhir/R5/codesystem-concept-map-relationship.html#equivalent" title="equivalent">is equivalent to</a></td><td>20135006 (Screening procedure)</td></tr></table></div>
  </text>
  <url value="https://hl7.pt/fhir/Terminologias/ConceptMap/sonho-admission-causes-to-snomed"/>
  <version value="1.0.0"/>
  <name value="SONHOAdmissionCausesToSNOMED"/>
  <title value="Mapeamento SONHO (Causas de admissão) para SNOMED CT"/>
  <status value="draft"/>
  <experimental value="true"/>
  <date value="2026-01-14"/>
  <publisher value="HL7 Portugal"/>
  <contact>
    <name value="HL7 Portugal"/>
    <telecom>
      <system value="url"/>
      <value value="http://hl7.pt"/>
    </telecom>
    <telecom>
      <system value="email"/>
      <value value="info@hl7.pt"/>
    </telecom>
  </contact>
  <contact>
    <name value="HL7 Portugal"/>
    <telecom>
      <system value="email"/>
      <value value="geral@hl7.pt"/>
      <use value="work"/>
    </telecom>
  </contact>
  <jurisdiction>
    <coding>
      <system value="urn:iso:std:iso:3166"/>
      <code value="PT"/>
      <display value="Portugal"/>
    </coding>
  </jurisdiction>
  <group>
    <source value="https://hl7.pt/fhir/CodeSystem/sonho-admission-causes"/>
    <target value="http://snomed.info/sct"/>
    <element>
      <code value="3"/>
      <target>
        <code value="418019003"/>
        <relationship value="equivalent"/>
      </target>
    </element>
    <element>
      <code value="2"/>
      <target>
        <code value="17542004"/>
        <relationship value="equivalent"/>
      </target>
    </element>
    <element>
      <code value="9"/>
      <target>
        <code value="1258919008"/>
        <relationship value="equivalent"/>
      </target>
    </element>
    <element>
      <code value="10"/>
      <target>
        <code value="1912002"/>
        <relationship value="equivalent"/>
      </target>
    </element>
    <element>
      <code value="11"/>
      <target>
        <code value="386680008"/>
        <relationship value="equivalent"/>
      </target>
    </element>
    <element>
      <code value="12"/>
      <target>
        <code value="79573009"/>
        <relationship value="equivalent"/>
      </target>
    </element>
    <element>
      <code value="13"/>
      <target>
        <code value="40947009"/>
        <relationship value="equivalent"/>
      </target>
    </element>
    <element>
      <code value="18"/>
      <target>
        <code value="57701003"/>
        <relationship value="equivalent"/>
      </target>
    </element>
    <element>
      <code value="1"/>
      <target>
        <code value="214031005"/>
        <relationship value="equivalent"/>
      </target>
    </element>
    <element>
      <code value="4"/>
      <target>
        <code value="52684005"/>
        <relationship value="equivalent"/>
      </target>
    </element>
    <element>
      <code value="5"/>
      <target>
        <code value="64572001"/>
        <relationship value="equivalent"/>
      </target>
    </element>
    <element>
      <code value="19"/>
      <target>
        <code value="63238001"/>
        <relationship value="equivalent"/>
      </target>
    </element>
    <element>
      <code value="6"/>
      <target>
        <code value="248982007"/>
        <relationship value="equivalent"/>
      </target>
    </element>
    <element>
      <code value="26"/>
      <target>
        <code value="276853009"/>
        <relationship value="equivalent"/>
      </target>
    </element>
    <element>
      <code value="17"/>
      <target>
        <code value="1149322001"/>
        <relationship value="equivalent"/>
      </target>
    </element>
    <element>
      <code value="14"/>
      <target>
        <code value="417746004"/>
        <relationship value="equivalent"/>
      </target>
    </element>
    <element>
      <code value="24"/>
      <target>
        <code value="242651001"/>
        <relationship value="equivalent"/>
      </target>
    </element>
    <element>
      <code value="16"/>
      <target>
        <code value="248110007"/>
        <relationship value="equivalent"/>
      </target>
    </element>
    <element>
      <code value="23"/>
      <target>
        <code value="404189009"/>
        <relationship value="equivalent"/>
      </target>
    </element>
    <element>
      <code value="30"/>
      <target>
        <code value="20135006"/>
        <relationship value="equivalent"/>
      </target>
    </element>
  </group>
</ConceptMap>