{
  "resourceType" : "ConceptMap",
  "id" : "sonho-admission-causes-to-snomed",
  "text" : {
    "status" : "generated",
    "div" : "<div xmlns=\"http://www.w3.org/1999/xhtml\"><p class=\"res-header-id\"><b>Narrativa gerada: ConceptMap sonho-admission-causes-to-snomed</b></p><a name=\"sonho-admission-causes-to-snomed\"> </a><a name=\"hcsonho-admission-causes-to-snomed\"> </a><p>Mapeamento de (não especificado) para (não especificado)</p><br/><p><b>Grupo 1 </b>Mapeamento de <a href=\"CodeSystem-sonho-admission-causes-cs.html\">SONHO - Causas de admissão (2024)</a> to <code>http://snomed.info/sct</code> (SNOMED CT)</p><table class=\"grid\"><tr><td><b>Código fonte</b></td><td><b>Relacionamento</b></td><td><b>Código de destino</b></td></tr><tr><td>3 (Acidente)</td><td><a href=\"http://hl7.org/fhir/R5/codesystem-concept-map-relationship.html#equivalent\" title=\"equivalent\">is equivalent to</a></td><td>418019003 (Accidental event (event))</td></tr><tr><td>2 (Acidente durante atividade laboral)</td><td><a href=\"http://hl7.org/fhir/R5/codesystem-concept-map-relationship.html#equivalent\" title=\"equivalent\">is equivalent to</a></td><td>17542004 (Accident while engaged in work-related activity)</td></tr><tr><td>9 (Acidente durante atividade escolar)</td><td><a href=\"http://hl7.org/fhir/R5/codesystem-concept-map-relationship.html#equivalent\" title=\"equivalent\">is equivalent to</a></td><td>1258919008 (Accident while engaged in school activity)</td></tr><tr><td>10 (Queda)</td><td><a href=\"http://hl7.org/fhir/R5/codesystem-concept-map-relationship.html#equivalent\" title=\"equivalent\">is equivalent to</a></td><td>1912002 (Fall)</td></tr><tr><td>11 (Acidente de avião)</td><td><a href=\"http://hl7.org/fhir/R5/codesystem-concept-map-relationship.html#equivalent\" title=\"equivalent\">is equivalent to</a></td><td>386680008 (Aeroplane accident)</td></tr><tr><td>12 (Acidente durante atividade doméstica)</td><td><a href=\"http://hl7.org/fhir/R5/codesystem-concept-map-relationship.html#equivalent\" title=\"equivalent\">is equivalent to</a></td><td>79573009 (Accident while engaged in household activity)</td></tr><tr><td>13 (Afogamento)</td><td><a href=\"http://hl7.org/fhir/R5/codesystem-concept-map-relationship.html#equivalent\" title=\"equivalent\">is equivalent to</a></td><td>40947009 (Drowning)</td></tr><tr><td>18 (Acidente durante atividade desportiva)</td><td><a href=\"http://hl7.org/fhir/R5/codesystem-concept-map-relationship.html#equivalent\" title=\"equivalent\">is equivalent to</a></td><td>57701003 (Accident while engaged in sports activity)</td></tr><tr><td>1 (Acidente de viação)</td><td><a href=\"http://hl7.org/fhir/R5/codesystem-concept-map-relationship.html#equivalent\" title=\"equivalent\">is equivalent to</a></td><td>214031005 (Motor vehicle traffic accident)</td></tr><tr><td>4 (Agressão)</td><td><a href=\"http://hl7.org/fhir/R5/codesystem-concept-map-relationship.html#equivalent\" title=\"equivalent\">is equivalent to</a></td><td>52684005 (Assault)</td></tr><tr><td>5 (Doença)</td><td><a href=\"http://hl7.org/fhir/R5/codesystem-concept-map-relationship.html#equivalent\" title=\"equivalent\">is equivalent to</a></td><td>64572001 (Disease)</td></tr><tr><td>19 (Morto à chegada ao hospital)</td><td><a href=\"http://hl7.org/fhir/R5/codesystem-concept-map-relationship.html#equivalent\" title=\"equivalent\">is equivalent to</a></td><td>63238001 (D.O.A.)</td></tr><tr><td>6 (Gravidez, parto e puerpério)</td><td><a href=\"http://hl7.org/fhir/R5/codesystem-concept-map-relationship.html#equivalent\" title=\"equivalent\">is equivalent to</a></td><td>248982007 (Pregnancy, childbirth and puerperium finding)</td></tr><tr><td>26 (Lesão autoinfligida)</td><td><a href=\"http://hl7.org/fhir/R5/codesystem-concept-map-relationship.html#equivalent\" title=\"equivalent\">is equivalent to</a></td><td>276853009 (Self inflicted injury)</td></tr><tr><td>17 (Intoxicação)</td><td><a href=\"http://hl7.org/fhir/R5/codesystem-concept-map-relationship.html#equivalent\" title=\"equivalent\">is equivalent to</a></td><td>1149322001 (Intoxication)</td></tr><tr><td>14 (Ferimento)</td><td><a href=\"http://hl7.org/fhir/R5/codesystem-concept-map-relationship.html#equivalent\" title=\"equivalent\">is equivalent to</a></td><td>417746004 (Traumatic injury (disorder))</td></tr><tr><td>24 (Lesão causada por animal)</td><td><a href=\"http://hl7.org/fhir/R5/codesystem-concept-map-relationship.html#equivalent\" title=\"equivalent\">is equivalent to</a></td><td>242651001 (Injury caused by animal)</td></tr><tr><td>16 (Agressão sexual)</td><td><a href=\"http://hl7.org/fhir/R5/codesystem-concept-map-relationship.html#equivalent\" title=\"equivalent\">is equivalent to</a></td><td>248110007 (Sexual assault)</td></tr><tr><td>23 (Violência doméstica)</td><td><a href=\"http://hl7.org/fhir/R5/codesystem-concept-map-relationship.html#equivalent\" title=\"equivalent\">is equivalent to</a></td><td>404189009 (Domestic violence)</td></tr><tr><td>30 (Testagem)</td><td><a href=\"http://hl7.org/fhir/R5/codesystem-concept-map-relationship.html#equivalent\" title=\"equivalent\">is equivalent to</a></td><td>20135006 (Screening procedure)</td></tr></table></div>"
  },
  "url" : "https://hl7.pt/fhir/Terminologias/ConceptMap/sonho-admission-causes-to-snomed",
  "version" : "1.0.0",
  "name" : "SONHOAdmissionCausesToSNOMED",
  "title" : "Mapeamento SONHO (Causas de admissão) para SNOMED CT",
  "status" : "draft",
  "experimental" : true,
  "date" : "2026-01-14",
  "publisher" : "HL7 Portugal",
  "contact" : [{
    "name" : "HL7 Portugal",
    "telecom" : [{
      "system" : "url",
      "value" : "http://hl7.pt"
    },
    {
      "system" : "email",
      "value" : "info@hl7.pt"
    }]
  },
  {
    "name" : "HL7 Portugal",
    "telecom" : [{
      "system" : "email",
      "value" : "geral@hl7.pt",
      "use" : "work"
    }]
  }],
  "jurisdiction" : [{
    "coding" : [{
      "system" : "urn:iso:std:iso:3166",
      "code" : "PT",
      "display" : "Portugal"
    }]
  }],
  "group" : [{
    "source" : "https://hl7.pt/fhir/CodeSystem/sonho-admission-causes",
    "target" : "http://snomed.info/sct",
    "element" : [{
      "code" : "3",
      "target" : [{
        "code" : "418019003",
        "relationship" : "equivalent"
      }]
    },
    {
      "code" : "2",
      "target" : [{
        "code" : "17542004",
        "relationship" : "equivalent"
      }]
    },
    {
      "code" : "9",
      "target" : [{
        "code" : "1258919008",
        "relationship" : "equivalent"
      }]
    },
    {
      "code" : "10",
      "target" : [{
        "code" : "1912002",
        "relationship" : "equivalent"
      }]
    },
    {
      "code" : "11",
      "target" : [{
        "code" : "386680008",
        "relationship" : "equivalent"
      }]
    },
    {
      "code" : "12",
      "target" : [{
        "code" : "79573009",
        "relationship" : "equivalent"
      }]
    },
    {
      "code" : "13",
      "target" : [{
        "code" : "40947009",
        "relationship" : "equivalent"
      }]
    },
    {
      "code" : "18",
      "target" : [{
        "code" : "57701003",
        "relationship" : "equivalent"
      }]
    },
    {
      "code" : "1",
      "target" : [{
        "code" : "214031005",
        "relationship" : "equivalent"
      }]
    },
    {
      "code" : "4",
      "target" : [{
        "code" : "52684005",
        "relationship" : "equivalent"
      }]
    },
    {
      "code" : "5",
      "target" : [{
        "code" : "64572001",
        "relationship" : "equivalent"
      }]
    },
    {
      "code" : "19",
      "target" : [{
        "code" : "63238001",
        "relationship" : "equivalent"
      }]
    },
    {
      "code" : "6",
      "target" : [{
        "code" : "248982007",
        "relationship" : "equivalent"
      }]
    },
    {
      "code" : "26",
      "target" : [{
        "code" : "276853009",
        "relationship" : "equivalent"
      }]
    },
    {
      "code" : "17",
      "target" : [{
        "code" : "1149322001",
        "relationship" : "equivalent"
      }]
    },
    {
      "code" : "14",
      "target" : [{
        "code" : "417746004",
        "relationship" : "equivalent"
      }]
    },
    {
      "code" : "24",
      "target" : [{
        "code" : "242651001",
        "relationship" : "equivalent"
      }]
    },
    {
      "code" : "16",
      "target" : [{
        "code" : "248110007",
        "relationship" : "equivalent"
      }]
    },
    {
      "code" : "23",
      "target" : [{
        "code" : "404189009",
        "relationship" : "equivalent"
      }]
    },
    {
      "code" : "30",
      "target" : [{
        "code" : "20135006",
        "relationship" : "equivalent"
      }]
    }]
  }]
}