<?xml version="1.0" encoding="UTF-8"?>

<ConceptMap xmlns="http://hl7.org/fhir">
  <id value="mcdts-b-anatomia-sns-conv"/>
  <text>
    <status value="generated"/><div xmlns="http://www.w3.org/1999/xhtml"><p class="res-header-id"><b>Narrativa gerada: ConceptMap mcdts-b-anatomia-sns-conv</b></p><a name="mcdts-b-anatomia-sns-conv"> </a><a name="hcmcdts-b-anatomia-sns-conv"> </a><p>Mapeamento de (não especificado) para (não especificado)</p><br/><p><b>Grupo 1 </b>Mapeamento de <code>https://terminologias.hl7.pt/fhir/CodeSystem/mcdts-b-anatomia-cs</code> to <code>https://www.acss.pt</code></p><table class="grid"><tr><td><b>Código fonte</b></td><td><b>Relacionamento</b></td><td><b>Código de destino</b></td></tr><tr><td>30510</td><td><a href="http://hl7.org/fhir/R5/codesystem-concept-map-relationship.html#equivalent" title="equivalent">is equivalent to</a></td><td>008.6</td></tr><tr><td>30517</td><td><a href="http://hl7.org/fhir/R5/codesystem-concept-map-relationship.html#equivalent" title="equivalent">is equivalent to</a></td><td>009.4</td></tr><tr><td>30597</td><td><a href="http://hl7.org/fhir/R5/codesystem-concept-map-relationship.html#equivalent" title="equivalent">is equivalent to</a></td><td>010.8</td></tr><tr><td>30630</td><td><a href="http://hl7.org/fhir/R5/codesystem-concept-map-relationship.html#equivalent" title="equivalent">is equivalent to</a></td><td>011.6</td></tr><tr><td>30650</td><td><a href="http://hl7.org/fhir/R5/codesystem-concept-map-relationship.html#equivalent" title="equivalent">is equivalent to</a></td><td>012.4</td></tr><tr><td>30677</td><td><a href="http://hl7.org/fhir/R5/codesystem-concept-map-relationship.html#equivalent" title="equivalent">is equivalent to</a></td><td>013.2</td></tr><tr><td>31037</td><td><a href="http://hl7.org/fhir/R5/codesystem-concept-map-relationship.html#equivalent" title="equivalent">is equivalent to</a></td><td>014.0</td></tr><tr><td>31057</td><td><a href="http://hl7.org/fhir/R5/codesystem-concept-map-relationship.html#equivalent" title="equivalent">is equivalent to</a></td><td>015.9</td></tr><tr><td>31077</td><td><a href="http://hl7.org/fhir/R5/codesystem-concept-map-relationship.html#equivalent" title="equivalent">is equivalent to</a></td><td>016.7</td></tr><tr><td>31097</td><td><a href="http://hl7.org/fhir/R5/codesystem-concept-map-relationship.html#equivalent" title="equivalent">is equivalent to</a></td><td>017.5</td></tr><tr><td>31107</td><td><a href="http://hl7.org/fhir/R5/codesystem-concept-map-relationship.html#equivalent" title="equivalent">is equivalent to</a></td><td>005.1</td></tr><tr><td>31565</td><td><a href="http://hl7.org/fhir/R5/codesystem-concept-map-relationship.html#equivalent" title="equivalent">is equivalent to</a></td><td>007.8</td></tr><tr><td>31590</td><td><a href="http://hl7.org/fhir/R5/codesystem-concept-map-relationship.html#equivalent" title="equivalent">is equivalent to</a></td><td>006.0</td></tr></table></div>
  </text>
  <url value="https://hl7.pt/fhir/Terminologias/ConceptMap/mcdts-b-anatomia-sns-conv"/>
  <version value="1.0.0"/>
  <name value="MCDTS-b-anatomia-SNS-CONV"/>
  <title value="Mapeamento de códigos SNS para códigos convencionados para Tabela Da Área B - Anatomia Patológica "/>
  <status value="draft"/>
  <experimental value="true"/>
  <date value="2024-12-11"/>
  <publisher value="HL7 Portugal"/>
  <contact>
    <name value="HL7 Portugal"/>
    <telecom>
      <system value="url"/>
      <value value="http://hl7.pt"/>
    </telecom>
    <telecom>
      <system value="email"/>
      <value value="info@hl7.pt"/>
    </telecom>
  </contact>
  <contact>
    <name value="HL7 Portugal"/>
    <telecom>
      <system value="email"/>
      <value value="geral@hl7.pt"/>
      <use value="work"/>
    </telecom>
  </contact>
  <jurisdiction>
    <coding>
      <system value="urn:iso:std:iso:3166"/>
      <code value="PT"/>
      <display value="Portugal"/>
    </coding>
  </jurisdiction>
  <group>
    <source value="https://terminologias.hl7.pt/fhir/CodeSystem/mcdts-b-anatomia-cs"/>
    <target value="https://www.acss.pt"/>
    <element>
      <code value="30510"/>
      <target>
        <code value="008.6"/>
        <relationship value="equivalent"/>
      </target>
    </element>
    <element>
      <code value="30517"/>
      <target>
        <code value="009.4"/>
        <relationship value="equivalent"/>
      </target>
    </element>
    <element>
      <code value="30597"/>
      <target>
        <code value="010.8"/>
        <relationship value="equivalent"/>
      </target>
    </element>
    <element>
      <code value="30630"/>
      <target>
        <code value="011.6"/>
        <relationship value="equivalent"/>
      </target>
    </element>
    <element>
      <code value="30650"/>
      <target>
        <code value="012.4"/>
        <relationship value="equivalent"/>
      </target>
    </element>
    <element>
      <code value="30677"/>
      <target>
        <code value="013.2"/>
        <relationship value="equivalent"/>
      </target>
    </element>
    <element>
      <code value="31037"/>
      <target>
        <code value="014.0"/>
        <relationship value="equivalent"/>
      </target>
    </element>
    <element>
      <code value="31057"/>
      <target>
        <code value="015.9"/>
        <relationship value="equivalent"/>
      </target>
    </element>
    <element>
      <code value="31077"/>
      <target>
        <code value="016.7"/>
        <relationship value="equivalent"/>
      </target>
    </element>
    <element>
      <code value="31097"/>
      <target>
        <code value="017.5"/>
        <relationship value="equivalent"/>
      </target>
    </element>
    <element>
      <code value="31107"/>
      <target>
        <code value="005.1"/>
        <relationship value="equivalent"/>
      </target>
    </element>
    <element>
      <code value="31565"/>
      <target>
        <code value="007.8"/>
        <relationship value="equivalent"/>
      </target>
    </element>
    <element>
      <code value="31590"/>
      <target>
        <code value="006.0"/>
        <relationship value="equivalent"/>
      </target>
    </element>
  </group>
</ConceptMap>