<?xml version="1.0" encoding="UTF-8"?>

<ConceptMap xmlns="http://hl7.org/fhir">
  <id value="mcdts-h-orl-sns-conv"/>
  <text>
    <status value="generated"/><div xmlns="http://www.w3.org/1999/xhtml"><p class="res-header-id"><b>Narrativa gerada: ConceptMap mcdts-h-orl-sns-conv</b></p><a name="mcdts-h-orl-sns-conv"> </a><a name="hcmcdts-h-orl-sns-conv"> </a><p>Mapeamento de (não especificado) para (não especificado)</p><br/><p><b>Grupo 1 </b>Mapeamento de <code>https://terminologias.hl7.pt/fhir/CodeSystem/mcdts-h-orl-cs</code> to <code>https://www.acss.pt</code></p><table class="grid"><tr><td><b>Código fonte</b></td><td><b>Relacionamento</b></td><td><b>Código de destino</b></td></tr><tr><td>78005</td><td><a href="http://hl7.org/fhir/R5/codesystem-concept-map-relationship.html#equivalent" title="equivalent">is equivalent to</a></td><td>001.9</td></tr><tr><td>78010</td><td><a href="http://hl7.org/fhir/R5/codesystem-concept-map-relationship.html#equivalent" title="equivalent">is equivalent to</a></td><td>004.3</td></tr><tr><td>78028</td><td><a href="http://hl7.org/fhir/R5/codesystem-concept-map-relationship.html#equivalent" title="equivalent">is equivalent to</a></td><td>137.6</td></tr><tr><td>78024</td><td><a href="http://hl7.org/fhir/R5/codesystem-concept-map-relationship.html#equivalent" title="equivalent">is equivalent to</a></td><td>103.1</td></tr><tr><td>78026</td><td><a href="http://hl7.org/fhir/R5/codesystem-concept-map-relationship.html#equivalent" title="equivalent">is equivalent to</a></td><td>104.0</td></tr><tr><td>78030</td><td><a href="http://hl7.org/fhir/R5/codesystem-concept-map-relationship.html#equivalent" title="equivalent">is equivalent to</a></td><td>012.4</td></tr><tr><td>78035</td><td><a href="http://hl7.org/fhir/R5/codesystem-concept-map-relationship.html#equivalent" title="equivalent">is equivalent to</a></td><td>013.2</td></tr><tr><td>78036</td><td><a href="http://hl7.org/fhir/R5/codesystem-concept-map-relationship.html#equivalent" title="equivalent">is equivalent to</a></td><td>014.0</td></tr><tr><td>78037</td><td><a href="http://hl7.org/fhir/R5/codesystem-concept-map-relationship.html#equivalent" title="equivalent">is equivalent to</a></td><td>015.9</td></tr><tr><td>78038</td><td><a href="http://hl7.org/fhir/R5/codesystem-concept-map-relationship.html#equivalent" title="equivalent">is equivalent to</a></td><td>017.5</td></tr><tr><td>78039</td><td><a href="http://hl7.org/fhir/R5/codesystem-concept-map-relationship.html#equivalent" title="equivalent">is equivalent to</a></td><td>019.1</td></tr><tr><td>78045</td><td><a href="http://hl7.org/fhir/R5/codesystem-concept-map-relationship.html#equivalent" title="equivalent">is equivalent to</a></td><td>030.2</td></tr><tr><td>78050</td><td><a href="http://hl7.org/fhir/R5/codesystem-concept-map-relationship.html#equivalent" title="equivalent">is equivalent to</a></td><td>031.0</td></tr><tr><td>78052</td><td><a href="http://hl7.org/fhir/R5/codesystem-concept-map-relationship.html#equivalent" title="equivalent">is equivalent to</a></td><td>032.9</td></tr><tr><td>78029</td><td><a href="http://hl7.org/fhir/R5/codesystem-concept-map-relationship.html#equivalent" title="equivalent">is equivalent to</a></td><td>073.6</td></tr><tr><td>78090</td><td><a href="http://hl7.org/fhir/R5/codesystem-concept-map-relationship.html#equivalent" title="equivalent">is equivalent to</a></td><td>064.7</td></tr><tr><td>78108</td><td><a href="http://hl7.org/fhir/R5/codesystem-concept-map-relationship.html#equivalent" title="equivalent">is equivalent to</a></td><td>062.0</td></tr><tr><td>78125</td><td><a href="http://hl7.org/fhir/R5/codesystem-concept-map-relationship.html#equivalent" title="equivalent">is equivalent to</a></td><td>097.3</td></tr><tr><td>78130</td><td><a href="http://hl7.org/fhir/R5/codesystem-concept-map-relationship.html#equivalent" title="equivalent">is equivalent to</a></td><td>098.1</td></tr><tr><td>78175</td><td><a href="http://hl7.org/fhir/R5/codesystem-concept-map-relationship.html#equivalent" title="equivalent">is equivalent to</a></td><td>099.0</td></tr><tr><td>78185</td><td><a href="http://hl7.org/fhir/R5/codesystem-concept-map-relationship.html#equivalent" title="equivalent">is equivalent to</a></td><td>090.6</td></tr><tr><td>78200</td><td><a href="http://hl7.org/fhir/R5/codesystem-concept-map-relationship.html#equivalent" title="equivalent">is equivalent to</a></td><td>051.5</td></tr><tr><td>78230</td><td><a href="http://hl7.org/fhir/R5/codesystem-concept-map-relationship.html#equivalent" title="equivalent">is equivalent to</a></td><td>126.0</td></tr><tr><td>78231</td><td><a href="http://hl7.org/fhir/R5/codesystem-concept-map-relationship.html#equivalent" title="equivalent">is equivalent to</a></td><td>127.9</td></tr><tr><td>78235</td><td><a href="http://hl7.org/fhir/R5/codesystem-concept-map-relationship.html#equivalent" title="equivalent">is equivalent to</a></td><td>128.7</td></tr><tr><td>78240</td><td><a href="http://hl7.org/fhir/R5/codesystem-concept-map-relationship.html#equivalent" title="equivalent">is equivalent to</a></td><td>070.1</td></tr><tr><td>78312</td><td><a href="http://hl7.org/fhir/R5/codesystem-concept-map-relationship.html#equivalent" title="equivalent">is equivalent to</a></td><td>130.9</td></tr><tr><td>78313</td><td><a href="http://hl7.org/fhir/R5/codesystem-concept-map-relationship.html#equivalent" title="equivalent">is equivalent to</a></td><td>131.7</td></tr><tr><td>78314</td><td><a href="http://hl7.org/fhir/R5/codesystem-concept-map-relationship.html#equivalent" title="equivalent">is equivalent to</a></td><td>132.5</td></tr><tr><td>78316</td><td><a href="http://hl7.org/fhir/R5/codesystem-concept-map-relationship.html#equivalent" title="equivalent">is equivalent to</a></td><td>133.3</td></tr><tr><td>78317</td><td><a href="http://hl7.org/fhir/R5/codesystem-concept-map-relationship.html#equivalent" title="equivalent">is equivalent to</a></td><td>134.1</td></tr><tr><td>78318</td><td><a href="http://hl7.org/fhir/R5/codesystem-concept-map-relationship.html#equivalent" title="equivalent">is equivalent to</a></td><td>135.0</td></tr><tr><td>78319</td><td><a href="http://hl7.org/fhir/R5/codesystem-concept-map-relationship.html#equivalent" title="equivalent">is equivalent to</a></td><td>136.8</td></tr></table></div>
  </text>
  <url value="https://hl7.pt/fhir/Terminologias/ConceptMap/mcdts-h-orl-sns-conv"/>
  <version value="1.0.0"/>
  <name value="MCDTS-h-orl-SNS-CONV"/>
  <title value="Mapeamento de códigos SNS para códigos convencionados para Tabela Da Área H - Otorrinolaringologia "/>
  <status value="draft"/>
  <experimental value="true"/>
  <date value="2024-12-11"/>
  <publisher value="HL7 Portugal"/>
  <contact>
    <name value="HL7 Portugal"/>
    <telecom>
      <system value="url"/>
      <value value="http://hl7.pt"/>
    </telecom>
    <telecom>
      <system value="email"/>
      <value value="info@hl7.pt"/>
    </telecom>
  </contact>
  <contact>
    <name value="HL7 Portugal"/>
    <telecom>
      <system value="email"/>
      <value value="geral@hl7.pt"/>
      <use value="work"/>
    </telecom>
  </contact>
  <jurisdiction>
    <coding>
      <system value="urn:iso:std:iso:3166"/>
      <code value="PT"/>
      <display value="Portugal"/>
    </coding>
  </jurisdiction>
  <group>
    <source value="https://terminologias.hl7.pt/fhir/CodeSystem/mcdts-h-orl-cs"/>
    <target value="https://www.acss.pt"/>
    <element>
      <code value="78005"/>
      <target>
        <code value="001.9"/>
        <relationship value="equivalent"/>
      </target>
    </element>
    <element>
      <code value="78010"/>
      <target>
        <code value="004.3"/>
        <relationship value="equivalent"/>
      </target>
    </element>
    <element>
      <code value="78028"/>
      <target>
        <code value="137.6"/>
        <relationship value="equivalent"/>
      </target>
    </element>
    <element>
      <code value="78024"/>
      <target>
        <code value="103.1"/>
        <relationship value="equivalent"/>
      </target>
    </element>
    <element>
      <code value="78026"/>
      <target>
        <code value="104.0"/>
        <relationship value="equivalent"/>
      </target>
    </element>
    <element>
      <code value="78030"/>
      <target>
        <code value="012.4"/>
        <relationship value="equivalent"/>
      </target>
    </element>
    <element>
      <code value="78035"/>
      <target>
        <code value="013.2"/>
        <relationship value="equivalent"/>
      </target>
    </element>
    <element>
      <code value="78036"/>
      <target>
        <code value="014.0"/>
        <relationship value="equivalent"/>
      </target>
    </element>
    <element>
      <code value="78037"/>
      <target>
        <code value="015.9"/>
        <relationship value="equivalent"/>
      </target>
    </element>
    <element>
      <code value="78038"/>
      <target>
        <code value="017.5"/>
        <relationship value="equivalent"/>
      </target>
    </element>
    <element>
      <code value="78039"/>
      <target>
        <code value="019.1"/>
        <relationship value="equivalent"/>
      </target>
    </element>
    <element>
      <code value="78045"/>
      <target>
        <code value="030.2"/>
        <relationship value="equivalent"/>
      </target>
    </element>
    <element>
      <code value="78050"/>
      <target>
        <code value="031.0"/>
        <relationship value="equivalent"/>
      </target>
    </element>
    <element>
      <code value="78052"/>
      <target>
        <code value="032.9"/>
        <relationship value="equivalent"/>
      </target>
    </element>
    <element>
      <code value="78029"/>
      <target>
        <code value="073.6"/>
        <relationship value="equivalent"/>
      </target>
    </element>
    <element>
      <code value="78090"/>
      <target>
        <code value="064.7"/>
        <relationship value="equivalent"/>
      </target>
    </element>
    <element>
      <code value="78108"/>
      <target>
        <code value="062.0"/>
        <relationship value="equivalent"/>
      </target>
    </element>
    <element>
      <code value="78125"/>
      <target>
        <code value="097.3"/>
        <relationship value="equivalent"/>
      </target>
    </element>
    <element>
      <code value="78130"/>
      <target>
        <code value="098.1"/>
        <relationship value="equivalent"/>
      </target>
    </element>
    <element>
      <code value="78175"/>
      <target>
        <code value="099.0"/>
        <relationship value="equivalent"/>
      </target>
    </element>
    <element>
      <code value="78185"/>
      <target>
        <code value="090.6"/>
        <relationship value="equivalent"/>
      </target>
    </element>
    <element>
      <code value="78200"/>
      <target>
        <code value="051.5"/>
        <relationship value="equivalent"/>
      </target>
    </element>
    <element>
      <code value="78230"/>
      <target>
        <code value="126.0"/>
        <relationship value="equivalent"/>
      </target>
    </element>
    <element>
      <code value="78231"/>
      <target>
        <code value="127.9"/>
        <relationship value="equivalent"/>
      </target>
    </element>
    <element>
      <code value="78235"/>
      <target>
        <code value="128.7"/>
        <relationship value="equivalent"/>
      </target>
    </element>
    <element>
      <code value="78240"/>
      <target>
        <code value="070.1"/>
        <relationship value="equivalent"/>
      </target>
    </element>
    <element>
      <code value="78312"/>
      <target>
        <code value="130.9"/>
        <relationship value="equivalent"/>
      </target>
    </element>
    <element>
      <code value="78313"/>
      <target>
        <code value="131.7"/>
        <relationship value="equivalent"/>
      </target>
    </element>
    <element>
      <code value="78314"/>
      <target>
        <code value="132.5"/>
        <relationship value="equivalent"/>
      </target>
    </element>
    <element>
      <code value="78316"/>
      <target>
        <code value="133.3"/>
        <relationship value="equivalent"/>
      </target>
    </element>
    <element>
      <code value="78317"/>
      <target>
        <code value="134.1"/>
        <relationship value="equivalent"/>
      </target>
    </element>
    <element>
      <code value="78318"/>
      <target>
        <code value="135.0"/>
        <relationship value="equivalent"/>
      </target>
    </element>
    <element>
      <code value="78319"/>
      <target>
        <code value="136.8"/>
        <relationship value="equivalent"/>
      </target>
    </element>
  </group>
</ConceptMap>