{
  "resourceType" : "ConceptMap",
  "id" : "mcdts-a-analises-sns-conv",
  "text" : {
    "status" : "generated",
    "div" : "<div xmlns=\"http://www.w3.org/1999/xhtml\"><p class=\"res-header-id\"><b>Narrativa gerada: ConceptMap mcdts-a-analises-sns-conv</b></p><a name=\"mcdts-a-analises-sns-conv\"> </a><a name=\"hcmcdts-a-analises-sns-conv\"> </a><p>Mapeamento de (não especificado) para (não especificado)</p><br/><p><b>Grupo 1 </b>Mapeamento de <code>https://terminologias.hl7.pt/fhir/CodeSystem/mcdts-a-analises-cs</code> to <code>https://www.acss.pt</code></p><table class=\"grid\"><tr><td><b>Código fonte</b></td><td><b>Relacionamento</b></td><td><b>Código de destino</b></td></tr><tr><td>21175</td><td><a href=\"http://hl7.org/fhir/R5/codesystem-concept-map-relationship.html#equivalent\" title=\"equivalent\">is equivalent to</a></td><td>684.0</td></tr><tr><td>21443</td><td><a href=\"http://hl7.org/fhir/R5/codesystem-concept-map-relationship.html#equivalent\" title=\"equivalent\">is equivalent to</a></td><td>1025.6</td></tr><tr><td>22187</td><td><a href=\"http://hl7.org/fhir/R5/codesystem-concept-map-relationship.html#equivalent\" title=\"equivalent\">is equivalent to</a></td><td>1050.7</td></tr><tr><td>22511</td><td><a href=\"http://hl7.org/fhir/R5/codesystem-concept-map-relationship.html#equivalent\" title=\"equivalent\">is equivalent to</a></td><td>569.0</td></tr><tr><td>21086</td><td><a href=\"http://hl7.org/fhir/R5/codesystem-concept-map-relationship.html#equivalent\" title=\"equivalent\">is equivalent to</a></td><td>651.3</td></tr><tr><td>21101</td><td><a href=\"http://hl7.org/fhir/R5/codesystem-concept-map-relationship.html#equivalent\" title=\"equivalent\">is equivalent to</a></td><td>338.7</td></tr><tr><td>21107</td><td><a href=\"http://hl7.org/fhir/R5/codesystem-concept-map-relationship.html#equivalent\" title=\"equivalent\">is equivalent to</a></td><td>653.0</td></tr><tr><td>21141</td><td><a href=\"http://hl7.org/fhir/R5/codesystem-concept-map-relationship.html#equivalent\" title=\"equivalent\">is equivalent to</a></td><td>1318.2</td></tr><tr><td>21140</td><td><a href=\"http://hl7.org/fhir/R5/codesystem-concept-map-relationship.html#equivalent\" title=\"equivalent\">is equivalent to</a></td><td>1008.6</td></tr><tr><td>21156</td><td><a href=\"http://hl7.org/fhir/R5/codesystem-concept-map-relationship.html#equivalent\" title=\"equivalent\">is equivalent to</a></td><td>356.5</td></tr><tr><td>21161</td><td><a href=\"http://hl7.org/fhir/R5/codesystem-concept-map-relationship.html#equivalent\" title=\"equivalent\">is equivalent to</a></td><td>1009.4</td></tr><tr><td>21162</td><td><a href=\"http://hl7.org/fhir/R5/codesystem-concept-map-relationship.html#equivalent\" title=\"equivalent\">is equivalent to</a></td><td>1010.8</td></tr><tr><td>21178</td><td><a href=\"http://hl7.org/fhir/R5/codesystem-concept-map-relationship.html#equivalent\" title=\"equivalent\">is equivalent to</a></td><td>359.0</td></tr><tr><td>21169</td><td><a href=\"http://hl7.org/fhir/R5/codesystem-concept-map-relationship.html#equivalent\" title=\"equivalent\">is equivalent to</a></td><td>1011.6</td></tr><tr><td>21186</td><td><a href=\"http://hl7.org/fhir/R5/codesystem-concept-map-relationship.html#equivalent\" title=\"equivalent\">is equivalent to</a></td><td>361.1</td></tr><tr><td>21196</td><td><a href=\"http://hl7.org/fhir/R5/codesystem-concept-map-relationship.html#equivalent\" title=\"equivalent\">is equivalent to</a></td><td>1012.4</td></tr><tr><td>21217</td><td><a href=\"http://hl7.org/fhir/R5/codesystem-concept-map-relationship.html#equivalent\" title=\"equivalent\">is equivalent to</a></td><td>524.0</td></tr><tr><td>21220</td><td><a href=\"http://hl7.org/fhir/R5/codesystem-concept-map-relationship.html#equivalent\" title=\"equivalent\">is equivalent to</a></td><td>523.1</td></tr><tr><td>21230</td><td><a href=\"http://hl7.org/fhir/R5/codesystem-concept-map-relationship.html#equivalent\" title=\"equivalent\">is equivalent to</a></td><td>369.7</td></tr><tr><td>21242</td><td><a href=\"http://hl7.org/fhir/R5/codesystem-concept-map-relationship.html#equivalent\" title=\"equivalent\">is equivalent to</a></td><td>1015.9</td></tr><tr><td>21243</td><td><a href=\"http://hl7.org/fhir/R5/codesystem-concept-map-relationship.html#equivalent\" title=\"equivalent\">is equivalent to</a></td><td>1016.7</td></tr><tr><td>21258</td><td><a href=\"http://hl7.org/fhir/R5/codesystem-concept-map-relationship.html#equivalent\" title=\"equivalent\">is equivalent to</a></td><td>202.0</td></tr><tr><td>21262</td><td><a href=\"http://hl7.org/fhir/R5/codesystem-concept-map-relationship.html#equivalent\" title=\"equivalent\">is equivalent to</a></td><td>1018.3</td></tr><tr><td>21261</td><td><a href=\"http://hl7.org/fhir/R5/codesystem-concept-map-relationship.html#equivalent\" title=\"equivalent\">is equivalent to</a></td><td>1017.5</td></tr><tr><td>21264</td><td><a href=\"http://hl7.org/fhir/R5/codesystem-concept-map-relationship.html#equivalent\" title=\"equivalent\">is equivalent to</a></td><td>1311.5</td></tr><tr><td>21263</td><td><a href=\"http://hl7.org/fhir/R5/codesystem-concept-map-relationship.html#equivalent\" title=\"equivalent\">is equivalent to</a></td><td>1312.3</td></tr><tr><td>21272</td><td><a href=\"http://hl7.org/fhir/R5/codesystem-concept-map-relationship.html#equivalent\" title=\"equivalent\">is equivalent to</a></td><td>Novo</td></tr><tr><td>21280</td><td><a href=\"http://hl7.org/fhir/R5/codesystem-concept-map-relationship.html#equivalent\" title=\"equivalent\">is equivalent to</a></td><td>Novo</td></tr><tr><td>21321</td><td><a href=\"http://hl7.org/fhir/R5/codesystem-concept-map-relationship.html#equivalent\" title=\"equivalent\">is equivalent to</a></td><td>383.2</td></tr><tr><td>21344</td><td><a href=\"http://hl7.org/fhir/R5/codesystem-concept-map-relationship.html#equivalent\" title=\"equivalent\">is equivalent to</a></td><td>1313.1</td></tr><tr><td>21340</td><td><a href=\"http://hl7.org/fhir/R5/codesystem-concept-map-relationship.html#equivalent\" title=\"equivalent\">is equivalent to</a></td><td>1314.0</td></tr><tr><td>21372</td><td><a href=\"http://hl7.org/fhir/R5/codesystem-concept-map-relationship.html#equivalent\" title=\"equivalent\">is equivalent to</a></td><td>209.7</td></tr><tr><td>21369</td><td><a href=\"http://hl7.org/fhir/R5/codesystem-concept-map-relationship.html#equivalent\" title=\"equivalent\">is equivalent to</a></td><td>1301.8</td></tr><tr><td>21370</td><td><a href=\"http://hl7.org/fhir/R5/codesystem-concept-map-relationship.html#equivalent\" title=\"equivalent\">is equivalent to</a></td><td>208.9</td></tr><tr><td>21393</td><td><a href=\"http://hl7.org/fhir/R5/codesystem-concept-map-relationship.html#equivalent\" title=\"equivalent\">is equivalent to</a></td><td>1022.1</td></tr><tr><td>21396</td><td><a href=\"http://hl7.org/fhir/R5/codesystem-concept-map-relationship.html#equivalent\" title=\"equivalent\">is equivalent to</a></td><td>390.5</td></tr><tr><td>21401</td><td><a href=\"http://hl7.org/fhir/R5/codesystem-concept-map-relationship.html#equivalent\" title=\"equivalent\">is equivalent to</a></td><td>661.0</td></tr><tr><td>21412</td><td><a href=\"http://hl7.org/fhir/R5/codesystem-concept-map-relationship.html#equivalent\" title=\"equivalent\">is equivalent to</a></td><td>1023.0</td></tr><tr><td>21425</td><td><a href=\"http://hl7.org/fhir/R5/codesystem-concept-map-relationship.html#equivalent\" title=\"equivalent\">is equivalent to</a></td><td>396.4</td></tr><tr><td>21435</td><td><a href=\"http://hl7.org/fhir/R5/codesystem-concept-map-relationship.html#equivalent\" title=\"equivalent\">is equivalent to</a></td><td>1024.8</td></tr><tr><td>21438</td><td><a href=\"http://hl7.org/fhir/R5/codesystem-concept-map-relationship.html#equivalent\" title=\"equivalent\">is equivalent to</a></td><td>663.7</td></tr><tr><td>21448</td><td><a href=\"http://hl7.org/fhir/R5/codesystem-concept-map-relationship.html#equivalent\" title=\"equivalent\">is equivalent to</a></td><td>1026.4</td></tr><tr><td>21482</td><td><a href=\"http://hl7.org/fhir/R5/codesystem-concept-map-relationship.html#equivalent\" title=\"equivalent\">is equivalent to</a></td><td>Novo</td></tr><tr><td>21516</td><td><a href=\"http://hl7.org/fhir/R5/codesystem-concept-map-relationship.html#equivalent\" title=\"equivalent\">is equivalent to</a></td><td>919.9</td></tr><tr><td>21513</td><td><a href=\"http://hl7.org/fhir/R5/codesystem-concept-map-relationship.html#equivalent\" title=\"equivalent\">is equivalent to</a></td><td>1027.2</td></tr><tr><td>21529</td><td><a href=\"http://hl7.org/fhir/R5/codesystem-concept-map-relationship.html#equivalent\" title=\"equivalent\">is equivalent to</a></td><td>408.1</td></tr><tr><td>21539</td><td><a href=\"http://hl7.org/fhir/R5/codesystem-concept-map-relationship.html#equivalent\" title=\"equivalent\">is equivalent to</a></td><td>412.0</td></tr><tr><td>21545</td><td><a href=\"http://hl7.org/fhir/R5/codesystem-concept-map-relationship.html#equivalent\" title=\"equivalent\">is equivalent to</a></td><td>542.8</td></tr><tr><td>21554</td><td><a href=\"http://hl7.org/fhir/R5/codesystem-concept-map-relationship.html#equivalent\" title=\"equivalent\">is equivalent to</a></td><td>1029.9</td></tr><tr><td>21589</td><td><a href=\"http://hl7.org/fhir/R5/codesystem-concept-map-relationship.html#equivalent\" title=\"equivalent\">is equivalent to</a></td><td>1315.8</td></tr><tr><td>21587</td><td><a href=\"http://hl7.org/fhir/R5/codesystem-concept-map-relationship.html#equivalent\" title=\"equivalent\">is equivalent to</a></td><td>1032.9</td></tr><tr><td>21609</td><td><a href=\"http://hl7.org/fhir/R5/codesystem-concept-map-relationship.html#equivalent\" title=\"equivalent\">is equivalent to</a></td><td>423.5</td></tr><tr><td>21623</td><td><a href=\"http://hl7.org/fhir/R5/codesystem-concept-map-relationship.html#equivalent\" title=\"equivalent\">is equivalent to</a></td><td>428.6</td></tr><tr><td>21620</td><td><a href=\"http://hl7.org/fhir/R5/codesystem-concept-map-relationship.html#equivalent\" title=\"equivalent\">is equivalent to</a></td><td>427.8</td></tr><tr><td>21646</td><td><a href=\"http://hl7.org/fhir/R5/codesystem-concept-map-relationship.html#equivalent\" title=\"equivalent\">is equivalent to</a></td><td>670.0</td></tr><tr><td>21665</td><td><a href=\"http://hl7.org/fhir/R5/codesystem-concept-map-relationship.html#equivalent\" title=\"equivalent\">is equivalent to</a></td><td>1036.1</td></tr><tr><td>21638</td><td><a href=\"http://hl7.org/fhir/R5/codesystem-concept-map-relationship.html#equivalent\" title=\"equivalent\">is equivalent to</a></td><td>668.8</td></tr><tr><td>21641</td><td><a href=\"http://hl7.org/fhir/R5/codesystem-concept-map-relationship.html#equivalent\" title=\"equivalent\">is equivalent to</a></td><td>669.6</td></tr><tr><td>21724</td><td><a href=\"http://hl7.org/fhir/R5/codesystem-concept-map-relationship.html#equivalent\" title=\"equivalent\">is equivalent to</a></td><td>462.6</td></tr><tr><td>21775</td><td><a href=\"http://hl7.org/fhir/R5/codesystem-concept-map-relationship.html#equivalent\" title=\"equivalent\">is equivalent to</a></td><td>1038.8</td></tr><tr><td>21777</td><td><a href=\"http://hl7.org/fhir/R5/codesystem-concept-map-relationship.html#equivalent\" title=\"equivalent\">is equivalent to</a></td><td>1039.6</td></tr><tr><td>21240</td><td><a href=\"http://hl7.org/fhir/R5/codesystem-concept-map-relationship.html#equivalent\" title=\"equivalent\">is equivalent to</a></td><td>606.8</td></tr><tr><td>21794</td><td><a href=\"http://hl7.org/fhir/R5/codesystem-concept-map-relationship.html#equivalent\" title=\"equivalent\">is equivalent to</a></td><td>673.4</td></tr><tr><td>21809</td><td><a href=\"http://hl7.org/fhir/R5/codesystem-concept-map-relationship.html#equivalent\" title=\"equivalent\">is equivalent to</a></td><td>1041.8</td></tr><tr><td>21875</td><td><a href=\"http://hl7.org/fhir/R5/codesystem-concept-map-relationship.html#equivalent\" title=\"equivalent\">is equivalent to</a></td><td>533.9</td></tr><tr><td>21895</td><td><a href=\"http://hl7.org/fhir/R5/codesystem-concept-map-relationship.html#equivalent\" title=\"equivalent\">is equivalent to</a></td><td>483.9</td></tr><tr><td>21906</td><td><a href=\"http://hl7.org/fhir/R5/codesystem-concept-map-relationship.html#equivalent\" title=\"equivalent\">is equivalent to</a></td><td>486.3</td></tr><tr><td>21900</td><td><a href=\"http://hl7.org/fhir/R5/codesystem-concept-map-relationship.html#equivalent\" title=\"equivalent\">is equivalent to</a></td><td>484.7</td></tr><tr><td>21074</td><td><a href=\"http://hl7.org/fhir/R5/codesystem-concept-map-relationship.html#equivalent\" title=\"equivalent\">is equivalent to</a></td><td>329.8</td></tr><tr><td>21932</td><td><a href=\"http://hl7.org/fhir/R5/codesystem-concept-map-relationship.html#equivalent\" title=\"equivalent\">is equivalent to</a></td><td>491.0</td></tr><tr><td>21929</td><td><a href=\"http://hl7.org/fhir/R5/codesystem-concept-map-relationship.html#equivalent\" title=\"equivalent\">is equivalent to</a></td><td>1045.0</td></tr><tr><td>21935</td><td><a href=\"http://hl7.org/fhir/R5/codesystem-concept-map-relationship.html#equivalent\" title=\"equivalent\">is equivalent to</a></td><td>493.6</td></tr><tr><td>21976</td><td><a href=\"http://hl7.org/fhir/R5/codesystem-concept-map-relationship.html#equivalent\" title=\"equivalent\">is equivalent to</a></td><td>499.5</td></tr><tr><td>22035</td><td><a href=\"http://hl7.org/fhir/R5/codesystem-concept-map-relationship.html#equivalent\" title=\"equivalent\">is equivalent to</a></td><td>507.0</td></tr><tr><td>21789</td><td><a href=\"http://hl7.org/fhir/R5/codesystem-concept-map-relationship.html#equivalent\" title=\"equivalent\">is equivalent to</a></td><td>1523.1</td></tr><tr><td>22076</td><td><a href=\"http://hl7.org/fhir/R5/codesystem-concept-map-relationship.html#equivalent\" title=\"equivalent\">is equivalent to</a></td><td>1270.4</td></tr><tr><td>22116</td><td><a href=\"http://hl7.org/fhir/R5/codesystem-concept-map-relationship.html#equivalent\" title=\"equivalent\">is equivalent to</a></td><td>1049.3</td></tr><tr><td>22114</td><td><a href=\"http://hl7.org/fhir/R5/codesystem-concept-map-relationship.html#equivalent\" title=\"equivalent\">is equivalent to</a></td><td>526.6</td></tr><tr><td>22121</td><td><a href=\"http://hl7.org/fhir/R5/codesystem-concept-map-relationship.html#equivalent\" title=\"equivalent\">is equivalent to</a></td><td>Novo</td></tr><tr><td>22125</td><td><a href=\"http://hl7.org/fhir/R5/codesystem-concept-map-relationship.html#equivalent\" title=\"equivalent\">is equivalent to</a></td><td>525.8</td></tr><tr><td>22140</td><td><a href=\"http://hl7.org/fhir/R5/codesystem-concept-map-relationship.html#equivalent\" title=\"equivalent\">is equivalent to</a></td><td>1317.4</td></tr><tr><td>22151</td><td><a href=\"http://hl7.org/fhir/R5/codesystem-concept-map-relationship.html#equivalent\" title=\"equivalent\">is equivalent to</a></td><td>531.2</td></tr><tr><td>22154</td><td><a href=\"http://hl7.org/fhir/R5/codesystem-concept-map-relationship.html#equivalent\" title=\"equivalent\">is equivalent to</a></td><td>529.0</td></tr><tr><td>22213</td><td><a href=\"http://hl7.org/fhir/R5/codesystem-concept-map-relationship.html#equivalent\" title=\"equivalent\">is equivalent to</a></td><td>Novo</td></tr><tr><td>22220</td><td><a href=\"http://hl7.org/fhir/R5/codesystem-concept-map-relationship.html#equivalent\" title=\"equivalent\">is equivalent to</a></td><td>1051.5</td></tr><tr><td>22223</td><td><a href=\"http://hl7.org/fhir/R5/codesystem-concept-map-relationship.html#equivalent\" title=\"equivalent\">is equivalent to</a></td><td>730.7</td></tr><tr><td>22226</td><td><a href=\"http://hl7.org/fhir/R5/codesystem-concept-map-relationship.html#equivalent\" title=\"equivalent\">is equivalent to</a></td><td>716.1</td></tr><tr><td>22238</td><td><a href=\"http://hl7.org/fhir/R5/codesystem-concept-map-relationship.html#equivalent\" title=\"equivalent\">is equivalent to</a></td><td>681.5</td></tr><tr><td>22244</td><td><a href=\"http://hl7.org/fhir/R5/codesystem-concept-map-relationship.html#equivalent\" title=\"equivalent\">is equivalent to</a></td><td>686.6</td></tr><tr><td>22250</td><td><a href=\"http://hl7.org/fhir/R5/codesystem-concept-map-relationship.html#equivalent\" title=\"equivalent\">is equivalent to</a></td><td>692.0</td></tr><tr><td>22253</td><td><a href=\"http://hl7.org/fhir/R5/codesystem-concept-map-relationship.html#equivalent\" title=\"equivalent\">is equivalent to</a></td><td>1053.1</td></tr><tr><td>22280</td><td><a href=\"http://hl7.org/fhir/R5/codesystem-concept-map-relationship.html#equivalent\" title=\"equivalent\">is equivalent to</a></td><td>688.2</td></tr><tr><td>22271</td><td><a href=\"http://hl7.org/fhir/R5/codesystem-concept-map-relationship.html#equivalent\" title=\"equivalent\">is equivalent to</a></td><td>535.5</td></tr><tr><td>22298</td><td><a href=\"http://hl7.org/fhir/R5/codesystem-concept-map-relationship.html#equivalent\" title=\"equivalent\">is equivalent to</a></td><td>333.6</td></tr><tr><td>22329</td><td><a href=\"http://hl7.org/fhir/R5/codesystem-concept-map-relationship.html#equivalent\" title=\"equivalent\">is equivalent to</a></td><td>547.9</td></tr><tr><td>22340</td><td><a href=\"http://hl7.org/fhir/R5/codesystem-concept-map-relationship.html#equivalent\" title=\"equivalent\">is equivalent to</a></td><td>1055.8</td></tr><tr><td>21835</td><td><a href=\"http://hl7.org/fhir/R5/codesystem-concept-map-relationship.html#equivalent\" title=\"equivalent\">is equivalent to</a></td><td>1042.6</td></tr><tr><td>22347</td><td><a href=\"http://hl7.org/fhir/R5/codesystem-concept-map-relationship.html#equivalent\" title=\"equivalent\">is equivalent to</a></td><td>552.5</td></tr><tr><td>22357</td><td><a href=\"http://hl7.org/fhir/R5/codesystem-concept-map-relationship.html#equivalent\" title=\"equivalent\">is equivalent to</a></td><td>553.3</td></tr><tr><td>22400</td><td><a href=\"http://hl7.org/fhir/R5/codesystem-concept-map-relationship.html#equivalent\" title=\"equivalent\">is equivalent to</a></td><td>557.6</td></tr><tr><td>22413</td><td><a href=\"http://hl7.org/fhir/R5/codesystem-concept-map-relationship.html#equivalent\" title=\"equivalent\">is equivalent to</a></td><td>690.4</td></tr><tr><td>22410</td><td><a href=\"http://hl7.org/fhir/R5/codesystem-concept-map-relationship.html#equivalent\" title=\"equivalent\">is equivalent to</a></td><td>672.6</td></tr><tr><td>22461</td><td><a href=\"http://hl7.org/fhir/R5/codesystem-concept-map-relationship.html#equivalent\" title=\"equivalent\">is equivalent to</a></td><td>106.6</td></tr><tr><td>22508</td><td><a href=\"http://hl7.org/fhir/R5/codesystem-concept-map-relationship.html#equivalent\" title=\"equivalent\">is equivalent to</a></td><td>Novo</td></tr><tr><td>22521</td><td><a href=\"http://hl7.org/fhir/R5/codesystem-concept-map-relationship.html#equivalent\" title=\"equivalent\">is equivalent to</a></td><td>572.0</td></tr><tr><td>22581</td><td><a href=\"http://hl7.org/fhir/R5/codesystem-concept-map-relationship.html#equivalent\" title=\"equivalent\">is equivalent to</a></td><td>577.0</td></tr><tr><td>22608</td><td><a href=\"http://hl7.org/fhir/R5/codesystem-concept-map-relationship.html#equivalent\" title=\"equivalent\">is equivalent to</a></td><td>631.9</td></tr><tr><td>22612</td><td><a href=\"http://hl7.org/fhir/R5/codesystem-concept-map-relationship.html#equivalent\" title=\"equivalent\">is equivalent to</a></td><td>589.4</td></tr><tr><td>22617</td><td><a href=\"http://hl7.org/fhir/R5/codesystem-concept-map-relationship.html#equivalent\" title=\"equivalent\">is equivalent to</a></td><td>591.6</td></tr><tr><td>22642</td><td><a href=\"http://hl7.org/fhir/R5/codesystem-concept-map-relationship.html#equivalent\" title=\"equivalent\">is equivalent to</a></td><td>696.3</td></tr><tr><td>22647</td><td><a href=\"http://hl7.org/fhir/R5/codesystem-concept-map-relationship.html#equivalent\" title=\"equivalent\">is equivalent to</a></td><td>697.1</td></tr><tr><td>22606</td><td><a href=\"http://hl7.org/fhir/R5/codesystem-concept-map-relationship.html#equivalent\" title=\"equivalent\">is equivalent to</a></td><td>Novo</td></tr><tr><td>22671</td><td><a href=\"http://hl7.org/fhir/R5/codesystem-concept-map-relationship.html#equivalent\" title=\"equivalent\">is equivalent to</a></td><td>292.5</td></tr><tr><td>22669</td><td><a href=\"http://hl7.org/fhir/R5/codesystem-concept-map-relationship.html#equivalent\" title=\"equivalent\">is equivalent to</a></td><td>291.7</td></tr><tr><td>22673</td><td><a href=\"http://hl7.org/fhir/R5/codesystem-concept-map-relationship.html#equivalent\" title=\"equivalent\">is equivalent to</a></td><td>715.3</td></tr><tr><td>22682</td><td><a href=\"http://hl7.org/fhir/R5/codesystem-concept-map-relationship.html#equivalent\" title=\"equivalent\">is equivalent to</a></td><td>470.7</td></tr><tr><td>22685</td><td><a href=\"http://hl7.org/fhir/R5/codesystem-concept-map-relationship.html#equivalent\" title=\"equivalent\">is equivalent to</a></td><td>471.5</td></tr><tr><td>22679</td><td><a href=\"http://hl7.org/fhir/R5/codesystem-concept-map-relationship.html#equivalent\" title=\"equivalent\">is equivalent to</a></td><td>596.7</td></tr><tr><td>22999</td><td><a href=\"http://hl7.org/fhir/R5/codesystem-concept-map-relationship.html#equivalent\" title=\"equivalent\">is equivalent to</a></td><td>639.4</td></tr><tr><td>22715</td><td><a href=\"http://hl7.org/fhir/R5/codesystem-concept-map-relationship.html#equivalent\" title=\"equivalent\">is equivalent to</a></td><td>703.0</td></tr><tr><td>22718</td><td><a href=\"http://hl7.org/fhir/R5/codesystem-concept-map-relationship.html#equivalent\" title=\"equivalent\">is equivalent to</a></td><td>710.2</td></tr><tr><td>22085</td><td><a href=\"http://hl7.org/fhir/R5/codesystem-concept-map-relationship.html#equivalent\" title=\"equivalent\">is equivalent to</a></td><td>1048.5</td></tr><tr><td>22752</td><td><a href=\"http://hl7.org/fhir/R5/codesystem-concept-map-relationship.html#equivalent\" title=\"equivalent\">is equivalent to</a></td><td>713.7</td></tr><tr><td>22768</td><td><a href=\"http://hl7.org/fhir/R5/codesystem-concept-map-relationship.html#equivalent\" title=\"equivalent\">is equivalent to</a></td><td>607.6</td></tr><tr><td>22793</td><td><a href=\"http://hl7.org/fhir/R5/codesystem-concept-map-relationship.html#equivalent\" title=\"equivalent\">is equivalent to</a></td><td>616.5</td></tr><tr><td>22795</td><td><a href=\"http://hl7.org/fhir/R5/codesystem-concept-map-relationship.html#equivalent\" title=\"equivalent\">is equivalent to</a></td><td>729.3</td></tr><tr><td>22823</td><td><a href=\"http://hl7.org/fhir/R5/codesystem-concept-map-relationship.html#equivalent\" title=\"equivalent\">is equivalent to</a></td><td>368.9</td></tr><tr><td>22836</td><td><a href=\"http://hl7.org/fhir/R5/codesystem-concept-map-relationship.html#equivalent\" title=\"equivalent\">is equivalent to</a></td><td>725.0</td></tr><tr><td>22839</td><td><a href=\"http://hl7.org/fhir/R5/codesystem-concept-map-relationship.html#equivalent\" title=\"equivalent\">is equivalent to</a></td><td>724.2</td></tr><tr><td>22879</td><td><a href=\"http://hl7.org/fhir/R5/codesystem-concept-map-relationship.html#equivalent\" title=\"equivalent\">is equivalent to</a></td><td>727.7</td></tr><tr><td>22897</td><td><a href=\"http://hl7.org/fhir/R5/codesystem-concept-map-relationship.html#equivalent\" title=\"equivalent\">is equivalent to</a></td><td>721.8</td></tr><tr><td>22900</td><td><a href=\"http://hl7.org/fhir/R5/codesystem-concept-map-relationship.html#equivalent\" title=\"equivalent\">is equivalent to</a></td><td>720.0</td></tr><tr><td>22907</td><td><a href=\"http://hl7.org/fhir/R5/codesystem-concept-map-relationship.html#equivalent\" title=\"equivalent\">is equivalent to</a></td><td>619.0</td></tr><tr><td>22920</td><td><a href=\"http://hl7.org/fhir/R5/codesystem-concept-map-relationship.html#equivalent\" title=\"equivalent\">is equivalent to</a></td><td>620.3</td></tr><tr><td>22925</td><td><a href=\"http://hl7.org/fhir/R5/codesystem-concept-map-relationship.html#equivalent\" title=\"equivalent\">is equivalent to</a></td><td>718.8</td></tr><tr><td>22928</td><td><a href=\"http://hl7.org/fhir/R5/codesystem-concept-map-relationship.html#equivalent\" title=\"equivalent\">is equivalent to</a></td><td>717.0</td></tr><tr><td>22946</td><td><a href=\"http://hl7.org/fhir/R5/codesystem-concept-map-relationship.html#equivalent\" title=\"equivalent\">is equivalent to</a></td><td>Novo</td></tr><tr><td>22949</td><td><a href=\"http://hl7.org/fhir/R5/codesystem-concept-map-relationship.html#equivalent\" title=\"equivalent\">is equivalent to</a></td><td>625.4</td></tr><tr><td>22960</td><td><a href=\"http://hl7.org/fhir/R5/codesystem-concept-map-relationship.html#equivalent\" title=\"equivalent\">is equivalent to</a></td><td>1064.7</td></tr><tr><td>22954</td><td><a href=\"http://hl7.org/fhir/R5/codesystem-concept-map-relationship.html#equivalent\" title=\"equivalent\">is equivalent to</a></td><td>627.0</td></tr><tr><td>21104</td><td><a href=\"http://hl7.org/fhir/R5/codesystem-concept-map-relationship.html#equivalent\" title=\"equivalent\">is equivalent to</a></td><td>339.5</td></tr><tr><td>21458</td><td><a href=\"http://hl7.org/fhir/R5/codesystem-concept-map-relationship.html#equivalent\" title=\"equivalent\">is equivalent to</a></td><td>634.3</td></tr><tr><td>22992</td><td><a href=\"http://hl7.org/fhir/R5/codesystem-concept-map-relationship.html#equivalent\" title=\"equivalent\">is equivalent to</a></td><td>1302.6</td></tr><tr><td>24337</td><td><a href=\"http://hl7.org/fhir/R5/codesystem-concept-map-relationship.html#equivalent\" title=\"equivalent\">is equivalent to</a></td><td>1083.3</td></tr><tr><td>24410</td><td><a href=\"http://hl7.org/fhir/R5/codesystem-concept-map-relationship.html#equivalent\" title=\"equivalent\">is equivalent to</a></td><td>757.9</td></tr><tr><td>24145</td><td><a href=\"http://hl7.org/fhir/R5/codesystem-concept-map-relationship.html#equivalent\" title=\"equivalent\">is equivalent to</a></td><td>1077.9</td></tr><tr><td>24142</td><td><a href=\"http://hl7.org/fhir/R5/codesystem-concept-map-relationship.html#equivalent\" title=\"equivalent\">is equivalent to</a></td><td>1076.0</td></tr><tr><td>24163</td><td><a href=\"http://hl7.org/fhir/R5/codesystem-concept-map-relationship.html#equivalent\" title=\"equivalent\">is equivalent to</a></td><td>1079.5</td></tr><tr><td>24184</td><td><a href=\"http://hl7.org/fhir/R5/codesystem-concept-map-relationship.html#equivalent\" title=\"equivalent\">is equivalent to</a></td><td>084.1</td></tr><tr><td>24187</td><td><a href=\"http://hl7.org/fhir/R5/codesystem-concept-map-relationship.html#equivalent\" title=\"equivalent\">is equivalent to</a></td><td>085.0</td></tr><tr><td>24390</td><td><a href=\"http://hl7.org/fhir/R5/codesystem-concept-map-relationship.html#equivalent\" title=\"equivalent\">is equivalent to</a></td><td>090.6</td></tr><tr><td>24197</td><td><a href=\"http://hl7.org/fhir/R5/codesystem-concept-map-relationship.html#equivalent\" title=\"equivalent\">is equivalent to</a></td><td>037.0</td></tr><tr><td>24201</td><td><a href=\"http://hl7.org/fhir/R5/codesystem-concept-map-relationship.html#equivalent\" title=\"equivalent\">is equivalent to</a></td><td>1303.4</td></tr><tr><td>24209</td><td><a href=\"http://hl7.org/fhir/R5/codesystem-concept-map-relationship.html#equivalent\" title=\"equivalent\">is equivalent to</a></td><td>1080.9</td></tr><tr><td>24415</td><td><a href=\"http://hl7.org/fhir/R5/codesystem-concept-map-relationship.html#equivalent\" title=\"equivalent\">is equivalent to</a></td><td>Novo</td></tr><tr><td>24316</td><td><a href=\"http://hl7.org/fhir/R5/codesystem-concept-map-relationship.html#equivalent\" title=\"equivalent\">is equivalent to</a></td><td>133.3</td></tr><tr><td>24030</td><td><a href=\"http://hl7.org/fhir/R5/codesystem-concept-map-relationship.html#equivalent\" title=\"equivalent\">is equivalent to</a></td><td>025.6</td></tr><tr><td>24380</td><td><a href=\"http://hl7.org/fhir/R5/codesystem-concept-map-relationship.html#equivalent\" title=\"equivalent\">is equivalent to</a></td><td>161.9</td></tr><tr><td>24011</td><td><a href=\"http://hl7.org/fhir/R5/codesystem-concept-map-relationship.html#equivalent\" title=\"equivalent\">is equivalent to</a></td><td>016.7</td></tr><tr><td>24023</td><td><a href=\"http://hl7.org/fhir/R5/codesystem-concept-map-relationship.html#equivalent\" title=\"equivalent\">is equivalent to</a></td><td>1067.1</td></tr><tr><td>24055</td><td><a href=\"http://hl7.org/fhir/R5/codesystem-concept-map-relationship.html#equivalent\" title=\"equivalent\">is equivalent to</a></td><td>1304.2</td></tr><tr><td>24043</td><td><a href=\"http://hl7.org/fhir/R5/codesystem-concept-map-relationship.html#equivalent\" title=\"equivalent\">is equivalent to</a></td><td>1070.1</td></tr><tr><td>24077</td><td><a href=\"http://hl7.org/fhir/R5/codesystem-concept-map-relationship.html#equivalent\" title=\"equivalent\">is equivalent to</a></td><td>1073.6</td></tr><tr><td>24101</td><td><a href=\"http://hl7.org/fhir/R5/codesystem-concept-map-relationship.html#equivalent\" title=\"equivalent\">is equivalent to</a></td><td>052.3</td></tr><tr><td>24092</td><td><a href=\"http://hl7.org/fhir/R5/codesystem-concept-map-relationship.html#equivalent\" title=\"equivalent\">is equivalent to</a></td><td>049.3</td></tr><tr><td>24260</td><td><a href=\"http://hl7.org/fhir/R5/codesystem-concept-map-relationship.html#equivalent\" title=\"equivalent\">is equivalent to</a></td><td>Novo</td></tr><tr><td>24295</td><td><a href=\"http://hl7.org/fhir/R5/codesystem-concept-map-relationship.html#equivalent\" title=\"equivalent\">is equivalent to</a></td><td>965.2</td></tr><tr><td>24297</td><td><a href=\"http://hl7.org/fhir/R5/codesystem-concept-map-relationship.html#equivalent\" title=\"equivalent\">is equivalent to</a></td><td>1081.7</td></tr><tr><td>24298</td><td><a href=\"http://hl7.org/fhir/R5/codesystem-concept-map-relationship.html#equivalent\" title=\"equivalent\">is equivalent to</a></td><td>1082.5</td></tr><tr><td>24347</td><td><a href=\"http://hl7.org/fhir/R5/codesystem-concept-map-relationship.html#equivalent\" title=\"equivalent\">is equivalent to</a></td><td>1086.8</td></tr><tr><td>24359</td><td><a href=\"http://hl7.org/fhir/R5/codesystem-concept-map-relationship.html#equivalent\" title=\"equivalent\">is equivalent to</a></td><td>1087.6</td></tr><tr><td>25023</td><td><a href=\"http://hl7.org/fhir/R5/codesystem-concept-map-relationship.html#equivalent\" title=\"equivalent\">is equivalent to</a></td><td>1097.3</td></tr><tr><td>25424</td><td><a href=\"http://hl7.org/fhir/R5/codesystem-concept-map-relationship.html#equivalent\" title=\"equivalent\">is equivalent to</a></td><td>Novo</td></tr><tr><td>25017</td><td><a href=\"http://hl7.org/fhir/R5/codesystem-concept-map-relationship.html#equivalent\" title=\"equivalent\">is equivalent to</a></td><td>180.5</td></tr><tr><td>25019</td><td><a href=\"http://hl7.org/fhir/R5/codesystem-concept-map-relationship.html#equivalent\" title=\"equivalent\">is equivalent to</a></td><td>1093.0</td></tr><tr><td>25357</td><td><a href=\"http://hl7.org/fhir/R5/codesystem-concept-map-relationship.html#equivalent\" title=\"equivalent\">is equivalent to</a></td><td>Novo</td></tr><tr><td>25033</td><td><a href=\"http://hl7.org/fhir/R5/codesystem-concept-map-relationship.html#equivalent\" title=\"equivalent\">is equivalent to</a></td><td>Novo</td></tr><tr><td>25041</td><td><a href=\"http://hl7.org/fhir/R5/codesystem-concept-map-relationship.html#equivalent\" title=\"equivalent\">is equivalent to</a></td><td>185.6</td></tr><tr><td>25050</td><td><a href=\"http://hl7.org/fhir/R5/codesystem-concept-map-relationship.html#equivalent\" title=\"equivalent\">is equivalent to</a></td><td>Novo</td></tr><tr><td>25048</td><td><a href=\"http://hl7.org/fhir/R5/codesystem-concept-map-relationship.html#equivalent\" title=\"equivalent\">is equivalent to</a></td><td>188.0</td></tr><tr><td>25054</td><td><a href=\"http://hl7.org/fhir/R5/codesystem-concept-map-relationship.html#equivalent\" title=\"equivalent\">is equivalent to</a></td><td>190.2</td></tr><tr><td>25057</td><td><a href=\"http://hl7.org/fhir/R5/codesystem-concept-map-relationship.html#equivalent\" title=\"equivalent\">is equivalent to</a></td><td>191.0</td></tr><tr><td>25520</td><td><a href=\"http://hl7.org/fhir/R5/codesystem-concept-map-relationship.html#equivalent\" title=\"equivalent\">is equivalent to</a></td><td>182.1</td></tr><tr><td>25440</td><td><a href=\"http://hl7.org/fhir/R5/codesystem-concept-map-relationship.html#equivalent\" title=\"equivalent\">is equivalent to</a></td><td>1305.0</td></tr><tr><td>25550</td><td><a href=\"http://hl7.org/fhir/R5/codesystem-concept-map-relationship.html#equivalent\" title=\"equivalent\">is equivalent to</a></td><td>Novo</td></tr><tr><td>25071</td><td><a href=\"http://hl7.org/fhir/R5/codesystem-concept-map-relationship.html#equivalent\" title=\"equivalent\">is equivalent to</a></td><td>1104.0</td></tr><tr><td>25070</td><td><a href=\"http://hl7.org/fhir/R5/codesystem-concept-map-relationship.html#equivalent\" title=\"equivalent\">is equivalent to</a></td><td>1103.1</td></tr><tr><td>25075</td><td><a href=\"http://hl7.org/fhir/R5/codesystem-concept-map-relationship.html#equivalent\" title=\"equivalent\">is equivalent to</a></td><td>1310.7</td></tr><tr><td>25207</td><td><a href=\"http://hl7.org/fhir/R5/codesystem-concept-map-relationship.html#equivalent\" title=\"equivalent\">is equivalent to</a></td><td>295.0</td></tr><tr><td>25206</td><td><a href=\"http://hl7.org/fhir/R5/codesystem-concept-map-relationship.html#equivalent\" title=\"equivalent\">is equivalent to</a></td><td>1107.4</td></tr><tr><td>25083</td><td><a href=\"http://hl7.org/fhir/R5/codesystem-concept-map-relationship.html#equivalent\" title=\"equivalent\">is equivalent to</a></td><td>357.3</td></tr><tr><td>25247</td><td><a href=\"http://hl7.org/fhir/R5/codesystem-concept-map-relationship.html#equivalent\" title=\"equivalent\">is equivalent to</a></td><td>1109.0</td></tr><tr><td>25250</td><td><a href=\"http://hl7.org/fhir/R5/codesystem-concept-map-relationship.html#equivalent\" title=\"equivalent\">is equivalent to</a></td><td>1110.4</td></tr><tr><td>25096</td><td><a href=\"http://hl7.org/fhir/R5/codesystem-concept-map-relationship.html#equivalent\" title=\"equivalent\">is equivalent to</a></td><td>398.0</td></tr><tr><td>25119</td><td><a href=\"http://hl7.org/fhir/R5/codesystem-concept-map-relationship.html#equivalent\" title=\"equivalent\">is equivalent to</a></td><td>1106.6</td></tr><tr><td>25120</td><td><a href=\"http://hl7.org/fhir/R5/codesystem-concept-map-relationship.html#equivalent\" title=\"equivalent\">is equivalent to</a></td><td>221.6</td></tr><tr><td>25571</td><td><a href=\"http://hl7.org/fhir/R5/codesystem-concept-map-relationship.html#equivalent\" title=\"equivalent\">is equivalent to</a></td><td>1114.7</td></tr><tr><td>25137</td><td><a href=\"http://hl7.org/fhir/R5/codesystem-concept-map-relationship.html#equivalent\" title=\"equivalent\">is equivalent to</a></td><td>229.1</td></tr><tr><td>25185</td><td><a href=\"http://hl7.org/fhir/R5/codesystem-concept-map-relationship.html#equivalent\" title=\"equivalent\">is equivalent to</a></td><td>296.8</td></tr><tr><td>25270</td><td><a href=\"http://hl7.org/fhir/R5/codesystem-concept-map-relationship.html#equivalent\" title=\"equivalent\">is equivalent to</a></td><td>251.8</td></tr><tr><td>25258</td><td><a href=\"http://hl7.org/fhir/R5/codesystem-concept-map-relationship.html#equivalent\" title=\"equivalent\">is equivalent to</a></td><td>257.7</td></tr><tr><td>25271</td><td><a href=\"http://hl7.org/fhir/R5/codesystem-concept-map-relationship.html#equivalent\" title=\"equivalent\">is equivalent to</a></td><td>252.6</td></tr><tr><td>25272</td><td><a href=\"http://hl7.org/fhir/R5/codesystem-concept-map-relationship.html#equivalent\" title=\"equivalent\">is equivalent to</a></td><td>253.4</td></tr><tr><td>25262</td><td><a href=\"http://hl7.org/fhir/R5/codesystem-concept-map-relationship.html#equivalent\" title=\"equivalent\">is equivalent to</a></td><td>1306.9</td></tr><tr><td>25263</td><td><a href=\"http://hl7.org/fhir/R5/codesystem-concept-map-relationship.html#equivalent\" title=\"equivalent\">is equivalent to</a></td><td>Novo</td></tr><tr><td>25265</td><td><a href=\"http://hl7.org/fhir/R5/codesystem-concept-map-relationship.html#equivalent\" title=\"equivalent\">is equivalent to</a></td><td>Novo</td></tr><tr><td>25275</td><td><a href=\"http://hl7.org/fhir/R5/codesystem-concept-map-relationship.html#equivalent\" title=\"equivalent\">is equivalent to</a></td><td>1111.2</td></tr><tr><td>25701</td><td><a href=\"http://hl7.org/fhir/R5/codesystem-concept-map-relationship.html#equivalent\" title=\"equivalent\">is equivalent to</a></td><td>1116.3</td></tr><tr><td>25702</td><td><a href=\"http://hl7.org/fhir/R5/codesystem-concept-map-relationship.html#equivalent\" title=\"equivalent\">is equivalent to</a></td><td>1117.1</td></tr><tr><td>25704</td><td><a href=\"http://hl7.org/fhir/R5/codesystem-concept-map-relationship.html#equivalent\" title=\"equivalent\">is equivalent to</a></td><td>1307.7</td></tr><tr><td>25312</td><td><a href=\"http://hl7.org/fhir/R5/codesystem-concept-map-relationship.html#equivalent\" title=\"equivalent\">is equivalent to</a></td><td>1112.0</td></tr><tr><td>26041</td><td><a href=\"http://hl7.org/fhir/R5/codesystem-concept-map-relationship.html#equivalent\" title=\"equivalent\">is equivalent to</a></td><td>1240.2</td></tr><tr><td>26045</td><td><a href=\"http://hl7.org/fhir/R5/codesystem-concept-map-relationship.html#equivalent\" title=\"equivalent\">is equivalent to</a></td><td>1125.2</td></tr><tr><td>26047</td><td><a href=\"http://hl7.org/fhir/R5/codesystem-concept-map-relationship.html#equivalent\" title=\"equivalent\">is equivalent to</a></td><td>1126.0</td></tr><tr><td>26076</td><td><a href=\"http://hl7.org/fhir/R5/codesystem-concept-map-relationship.html#equivalent\" title=\"equivalent\">is equivalent to</a></td><td>1135.0</td></tr><tr><td>26074</td><td><a href=\"http://hl7.org/fhir/R5/codesystem-concept-map-relationship.html#equivalent\" title=\"equivalent\">is equivalent to</a></td><td>1133.3</td></tr><tr><td>26075</td><td><a href=\"http://hl7.org/fhir/R5/codesystem-concept-map-relationship.html#equivalent\" title=\"equivalent\">is equivalent to</a></td><td>1134.1</td></tr><tr><td>26429</td><td><a href=\"http://hl7.org/fhir/R5/codesystem-concept-map-relationship.html#equivalent\" title=\"equivalent\">is equivalent to</a></td><td>Novo</td></tr><tr><td>26431</td><td><a href=\"http://hl7.org/fhir/R5/codesystem-concept-map-relationship.html#equivalent\" title=\"equivalent\">is equivalent to</a></td><td>Novo</td></tr><tr><td>26433</td><td><a href=\"http://hl7.org/fhir/R5/codesystem-concept-map-relationship.html#equivalent\" title=\"equivalent\">is equivalent to</a></td><td>Novo</td></tr><tr><td>26479</td><td><a href=\"http://hl7.org/fhir/R5/codesystem-concept-map-relationship.html#equivalent\" title=\"equivalent\">is equivalent to</a></td><td>1159.7</td></tr><tr><td>26481</td><td><a href=\"http://hl7.org/fhir/R5/codesystem-concept-map-relationship.html#equivalent\" title=\"equivalent\">is equivalent to</a></td><td>1160.0</td></tr><tr><td>26483</td><td><a href=\"http://hl7.org/fhir/R5/codesystem-concept-map-relationship.html#equivalent\" title=\"equivalent\">is equivalent to</a></td><td>1161.9</td></tr><tr><td>26485</td><td><a href=\"http://hl7.org/fhir/R5/codesystem-concept-map-relationship.html#equivalent\" title=\"equivalent\">is equivalent to</a></td><td>1162.7</td></tr><tr><td>26486</td><td><a href=\"http://hl7.org/fhir/R5/codesystem-concept-map-relationship.html#equivalent\" title=\"equivalent\">is equivalent to</a></td><td>1261.5</td></tr><tr><td>26489</td><td><a href=\"http://hl7.org/fhir/R5/codesystem-concept-map-relationship.html#equivalent\" title=\"equivalent\">is equivalent to</a></td><td>1164.3</td></tr><tr><td>26491</td><td><a href=\"http://hl7.org/fhir/R5/codesystem-concept-map-relationship.html#equivalent\" title=\"equivalent\">is equivalent to</a></td><td>1165.1</td></tr><tr><td>26487</td><td><a href=\"http://hl7.org/fhir/R5/codesystem-concept-map-relationship.html#equivalent\" title=\"equivalent\">is equivalent to</a></td><td>1163.5</td></tr><tr><td>26170</td><td><a href=\"http://hl7.org/fhir/R5/codesystem-concept-map-relationship.html#equivalent\" title=\"equivalent\">is equivalent to</a></td><td>874.5</td></tr><tr><td>26040</td><td><a href=\"http://hl7.org/fhir/R5/codesystem-concept-map-relationship.html#equivalent\" title=\"equivalent\">is equivalent to</a></td><td>837.0</td></tr><tr><td>26006</td><td><a href=\"http://hl7.org/fhir/R5/codesystem-concept-map-relationship.html#equivalent\" title=\"equivalent\">is equivalent to</a></td><td>1308.5</td></tr><tr><td>26019</td><td><a href=\"http://hl7.org/fhir/R5/codesystem-concept-map-relationship.html#equivalent\" title=\"equivalent\">is equivalent to</a></td><td>1122.8</td></tr><tr><td>26022</td><td><a href=\"http://hl7.org/fhir/R5/codesystem-concept-map-relationship.html#equivalent\" title=\"equivalent\">is equivalent to</a></td><td>1123.6</td></tr><tr><td>26010</td><td><a href=\"http://hl7.org/fhir/R5/codesystem-concept-map-relationship.html#equivalent\" title=\"equivalent\">is equivalent to</a></td><td>1120.1</td></tr><tr><td>26012</td><td><a href=\"http://hl7.org/fhir/R5/codesystem-concept-map-relationship.html#equivalent\" title=\"equivalent\">is equivalent to</a></td><td>811.7</td></tr><tr><td>26013</td><td><a href=\"http://hl7.org/fhir/R5/codesystem-concept-map-relationship.html#equivalent\" title=\"equivalent\">is equivalent to</a></td><td>1121.0</td></tr><tr><td>26025</td><td><a href=\"http://hl7.org/fhir/R5/codesystem-concept-map-relationship.html#equivalent\" title=\"equivalent\">is equivalent to</a></td><td>1124.4</td></tr><tr><td>26031</td><td><a href=\"http://hl7.org/fhir/R5/codesystem-concept-map-relationship.html#equivalent\" title=\"equivalent\">is equivalent to</a></td><td>1271.2</td></tr><tr><td>26033</td><td><a href=\"http://hl7.org/fhir/R5/codesystem-concept-map-relationship.html#equivalent\" title=\"equivalent\">is equivalent to</a></td><td>1272.0</td></tr><tr><td>26032</td><td><a href=\"http://hl7.org/fhir/R5/codesystem-concept-map-relationship.html#equivalent\" title=\"equivalent\">is equivalent to</a></td><td>1273.9</td></tr><tr><td>26059</td><td><a href=\"http://hl7.org/fhir/R5/codesystem-concept-map-relationship.html#equivalent\" title=\"equivalent\">is equivalent to</a></td><td>1129.5</td></tr><tr><td>26005</td><td><a href=\"http://hl7.org/fhir/R5/codesystem-concept-map-relationship.html#equivalent\" title=\"equivalent\">is equivalent to</a></td><td>753.6</td></tr><tr><td>26271</td><td><a href=\"http://hl7.org/fhir/R5/codesystem-concept-map-relationship.html#equivalent\" title=\"equivalent\">is equivalent to</a></td><td>875.3</td></tr><tr><td>26265</td><td><a href=\"http://hl7.org/fhir/R5/codesystem-concept-map-relationship.html#equivalent\" title=\"equivalent\">is equivalent to</a></td><td>879.6</td></tr><tr><td>26268</td><td><a href=\"http://hl7.org/fhir/R5/codesystem-concept-map-relationship.html#equivalent\" title=\"equivalent\">is equivalent to</a></td><td>1146.5</td></tr><tr><td>26276</td><td><a href=\"http://hl7.org/fhir/R5/codesystem-concept-map-relationship.html#equivalent\" title=\"equivalent\">is equivalent to</a></td><td>871.0</td></tr><tr><td>26298</td><td><a href=\"http://hl7.org/fhir/R5/codesystem-concept-map-relationship.html#equivalent\" title=\"equivalent\">is equivalent to</a></td><td>853.2</td></tr><tr><td>26252</td><td><a href=\"http://hl7.org/fhir/R5/codesystem-concept-map-relationship.html#equivalent\" title=\"equivalent\">is equivalent to</a></td><td>Novo</td></tr><tr><td>26223</td><td><a href=\"http://hl7.org/fhir/R5/codesystem-concept-map-relationship.html#equivalent\" title=\"equivalent\">is equivalent to</a></td><td>1132.5</td></tr><tr><td>26066</td><td><a href=\"http://hl7.org/fhir/R5/codesystem-concept-map-relationship.html#equivalent\" title=\"equivalent\">is equivalent to</a></td><td>856.7</td></tr><tr><td>26069</td><td><a href=\"http://hl7.org/fhir/R5/codesystem-concept-map-relationship.html#equivalent\" title=\"equivalent\">is equivalent to</a></td><td>1130.9</td></tr><tr><td>26507</td><td><a href=\"http://hl7.org/fhir/R5/codesystem-concept-map-relationship.html#equivalent\" title=\"equivalent\">is equivalent to</a></td><td>1321.2</td></tr><tr><td>26508</td><td><a href=\"http://hl7.org/fhir/R5/codesystem-concept-map-relationship.html#equivalent\" title=\"equivalent\">is equivalent to</a></td><td>1322.0</td></tr><tr><td>26179</td><td><a href=\"http://hl7.org/fhir/R5/codesystem-concept-map-relationship.html#equivalent\" title=\"equivalent\">is equivalent to</a></td><td>Novo</td></tr><tr><td>26183</td><td><a href=\"http://hl7.org/fhir/R5/codesystem-concept-map-relationship.html#equivalent\" title=\"equivalent\">is equivalent to</a></td><td>1526.1</td></tr><tr><td>26307</td><td><a href=\"http://hl7.org/fhir/R5/codesystem-concept-map-relationship.html#equivalent\" title=\"equivalent\">is equivalent to</a></td><td>1527.1</td></tr><tr><td>26110</td><td><a href=\"http://hl7.org/fhir/R5/codesystem-concept-map-relationship.html#equivalent\" title=\"equivalent\">is equivalent to</a></td><td>1199.6</td></tr><tr><td>26513</td><td><a href=\"http://hl7.org/fhir/R5/codesystem-concept-map-relationship.html#equivalent\" title=\"equivalent\">is equivalent to</a></td><td>1323.9</td></tr><tr><td>26125</td><td><a href=\"http://hl7.org/fhir/R5/codesystem-concept-map-relationship.html#equivalent\" title=\"equivalent\">is equivalent to</a></td><td>1204.6</td></tr><tr><td>26136</td><td><a href=\"http://hl7.org/fhir/R5/codesystem-concept-map-relationship.html#equivalent\" title=\"equivalent\">is equivalent to</a></td><td>1309.3</td></tr><tr><td>26111</td><td><a href=\"http://hl7.org/fhir/R5/codesystem-concept-map-relationship.html#equivalent\" title=\"equivalent\">is equivalent to</a></td><td>746.3</td></tr><tr><td>26135</td><td><a href=\"http://hl7.org/fhir/R5/codesystem-concept-map-relationship.html#equivalent\" title=\"equivalent\">is equivalent to</a></td><td>1201.1</td></tr><tr><td>26134</td><td><a href=\"http://hl7.org/fhir/R5/codesystem-concept-map-relationship.html#equivalent\" title=\"equivalent\">is equivalent to</a></td><td>1213.5</td></tr><tr><td>26133</td><td><a href=\"http://hl7.org/fhir/R5/codesystem-concept-map-relationship.html#equivalent\" title=\"equivalent\">is equivalent to</a></td><td>Novo</td></tr><tr><td>26511</td><td><a href=\"http://hl7.org/fhir/R5/codesystem-concept-map-relationship.html#equivalent\" title=\"equivalent\">is equivalent to</a></td><td>1263.1</td></tr><tr><td>26519</td><td><a href=\"http://hl7.org/fhir/R5/codesystem-concept-map-relationship.html#equivalent\" title=\"equivalent\">is equivalent to</a></td><td>1326.3</td></tr><tr><td>26120</td><td><a href=\"http://hl7.org/fhir/R5/codesystem-concept-map-relationship.html#equivalent\" title=\"equivalent\">is equivalent to</a></td><td>1254.2</td></tr><tr><td>26127</td><td><a href=\"http://hl7.org/fhir/R5/codesystem-concept-map-relationship.html#equivalent\" title=\"equivalent\">is equivalent to</a></td><td>1212.7</td></tr><tr><td>26124</td><td><a href=\"http://hl7.org/fhir/R5/codesystem-concept-map-relationship.html#equivalent\" title=\"equivalent\">is equivalent to</a></td><td>1211.9</td></tr><tr><td>26095</td><td><a href=\"http://hl7.org/fhir/R5/codesystem-concept-map-relationship.html#equivalent\" title=\"equivalent\">is equivalent to</a></td><td>756.0</td></tr><tr><td>26269</td><td><a href=\"http://hl7.org/fhir/R5/codesystem-concept-map-relationship.html#equivalent\" title=\"equivalent\">is equivalent to</a></td><td>Novo</td></tr><tr><td>26172</td><td><a href=\"http://hl7.org/fhir/R5/codesystem-concept-map-relationship.html#equivalent\" title=\"equivalent\">is equivalent to</a></td><td>1223.2</td></tr><tr><td>26516</td><td><a href=\"http://hl7.org/fhir/R5/codesystem-concept-map-relationship.html#equivalent\" title=\"equivalent\">is equivalent to</a></td><td>1325.5</td></tr><tr><td>26108</td><td><a href=\"http://hl7.org/fhir/R5/codesystem-concept-map-relationship.html#equivalent\" title=\"equivalent\">is equivalent to</a></td><td>1222.4</td></tr><tr><td>26514</td><td><a href=\"http://hl7.org/fhir/R5/codesystem-concept-map-relationship.html#equivalent\" title=\"equivalent\">is equivalent to</a></td><td>1324.7</td></tr><tr><td>26177</td><td><a href=\"http://hl7.org/fhir/R5/codesystem-concept-map-relationship.html#equivalent\" title=\"equivalent\">is equivalent to</a></td><td>1214.3</td></tr><tr><td>26498</td><td><a href=\"http://hl7.org/fhir/R5/codesystem-concept-map-relationship.html#equivalent\" title=\"equivalent\">is equivalent to</a></td><td>1265.8</td></tr><tr><td>26145</td><td><a href=\"http://hl7.org/fhir/R5/codesystem-concept-map-relationship.html#equivalent\" title=\"equivalent\">is equivalent to</a></td><td>1226.7</td></tr><tr><td>26139</td><td><a href=\"http://hl7.org/fhir/R5/codesystem-concept-map-relationship.html#equivalent\" title=\"equivalent\">is equivalent to</a></td><td>1138.4</td></tr><tr><td>26274</td><td><a href=\"http://hl7.org/fhir/R5/codesystem-concept-map-relationship.html#equivalent\" title=\"equivalent\">is equivalent to</a></td><td>Novo</td></tr><tr><td>26153</td><td><a href=\"http://hl7.org/fhir/R5/codesystem-concept-map-relationship.html#equivalent\" title=\"equivalent\">is equivalent to</a></td><td>772.2</td></tr><tr><td>26151</td><td><a href=\"http://hl7.org/fhir/R5/codesystem-concept-map-relationship.html#equivalent\" title=\"equivalent\">is equivalent to</a></td><td>1139.2</td></tr><tr><td>26152</td><td><a href=\"http://hl7.org/fhir/R5/codesystem-concept-map-relationship.html#equivalent\" title=\"equivalent\">is equivalent to</a></td><td>1140.6</td></tr><tr><td>26165</td><td><a href=\"http://hl7.org/fhir/R5/codesystem-concept-map-relationship.html#equivalent\" title=\"equivalent\">is equivalent to</a></td><td>773.0</td></tr><tr><td>55057</td><td><a href=\"http://hl7.org/fhir/R5/codesystem-concept-map-relationship.html#equivalent\" title=\"equivalent\">is equivalent to</a></td><td>1169.4</td></tr><tr><td>55137</td><td><a href=\"http://hl7.org/fhir/R5/codesystem-concept-map-relationship.html#equivalent\" title=\"equivalent\">is equivalent to</a></td><td>032.9</td></tr><tr><td>55020</td><td><a href=\"http://hl7.org/fhir/R5/codesystem-concept-map-relationship.html#equivalent\" title=\"equivalent\">is equivalent to</a></td><td>1300.0</td></tr><tr><td>55015</td><td><a href=\"http://hl7.org/fhir/R5/codesystem-concept-map-relationship.html#equivalent\" title=\"equivalent\">is equivalent to</a></td><td>062.0</td></tr><tr><td>55045</td><td><a href=\"http://hl7.org/fhir/R5/codesystem-concept-map-relationship.html#equivalent\" title=\"equivalent\">is equivalent to</a></td><td>027.2</td></tr><tr><td>55010</td><td><a href=\"http://hl7.org/fhir/R5/codesystem-concept-map-relationship.html#equivalent\" title=\"equivalent\">is equivalent to</a></td><td>079.5</td></tr></table></div>"
  },
  "url" : "https://hl7.pt/fhir/Terminologias/ConceptMap/mcdts-a-analises-sns-conv",
  "version" : "1.0.0",
  "name" : "MCDTS-a-analises-SNS-CONV",
  "title" : "Mapeamento de códigos SNS para códigos convencionados para Tabela Da Área A - Análises Clínicas ",
  "status" : "draft",
  "experimental" : true,
  "date" : "2024-12-11",
  "publisher" : "HL7 Portugal",
  "contact" : [{
    "name" : "HL7 Portugal",
    "telecom" : [{
      "system" : "url",
      "value" : "http://hl7.pt"
    },
    {
      "system" : "email",
      "value" : "info@hl7.pt"
    }]
  },
  {
    "name" : "HL7 Portugal",
    "telecom" : [{
      "system" : "email",
      "value" : "geral@hl7.pt",
      "use" : "work"
    }]
  }],
  "jurisdiction" : [{
    "coding" : [{
      "system" : "urn:iso:std:iso:3166",
      "code" : "PT",
      "display" : "Portugal"
    }]
  }],
  "group" : [{
    "source" : "https://terminologias.hl7.pt/fhir/CodeSystem/mcdts-a-analises-cs",
    "target" : "https://www.acss.pt",
    "element" : [{
      "code" : "21175",
      "target" : [{
        "code" : "684.0",
        "relationship" : "equivalent"
      }]
    },
    {
      "code" : "21443",
      "target" : [{
        "code" : "1025.6",
        "relationship" : "equivalent"
      }]
    },
    {
      "code" : "22187",
      "target" : [{
        "code" : "1050.7",
        "relationship" : "equivalent"
      }]
    },
    {
      "code" : "22511",
      "target" : [{
        "code" : "569.0",
        "relationship" : "equivalent"
      }]
    },
    {
      "code" : "21086",
      "target" : [{
        "code" : "651.3",
        "relationship" : "equivalent"
      }]
    },
    {
      "code" : "21101",
      "target" : [{
        "code" : "338.7",
        "relationship" : "equivalent"
      }]
    },
    {
      "code" : "21107",
      "target" : [{
        "code" : "653.0",
        "relationship" : "equivalent"
      }]
    },
    {
      "code" : "21141",
      "target" : [{
        "code" : "1318.2",
        "relationship" : "equivalent"
      }]
    },
    {
      "code" : "21140",
      "target" : [{
        "code" : "1008.6",
        "relationship" : "equivalent"
      }]
    },
    {
      "code" : "21156",
      "target" : [{
        "code" : "356.5",
        "relationship" : "equivalent"
      }]
    },
    {
      "code" : "21161",
      "target" : [{
        "code" : "1009.4",
        "relationship" : "equivalent"
      }]
    },
    {
      "code" : "21162",
      "target" : [{
        "code" : "1010.8",
        "relationship" : "equivalent"
      }]
    },
    {
      "code" : "21178",
      "target" : [{
        "code" : "359.0",
        "relationship" : "equivalent"
      }]
    },
    {
      "code" : "21169",
      "target" : [{
        "code" : "1011.6",
        "relationship" : "equivalent"
      }]
    },
    {
      "code" : "21186",
      "target" : [{
        "code" : "361.1",
        "relationship" : "equivalent"
      }]
    },
    {
      "code" : "21196",
      "target" : [{
        "code" : "1012.4",
        "relationship" : "equivalent"
      }]
    },
    {
      "code" : "21217",
      "target" : [{
        "code" : "524.0",
        "relationship" : "equivalent"
      }]
    },
    {
      "code" : "21220",
      "target" : [{
        "code" : "523.1",
        "relationship" : "equivalent"
      }]
    },
    {
      "code" : "21230",
      "target" : [{
        "code" : "369.7",
        "relationship" : "equivalent"
      }]
    },
    {
      "code" : "21242",
      "target" : [{
        "code" : "1015.9",
        "relationship" : "equivalent"
      }]
    },
    {
      "code" : "21243",
      "target" : [{
        "code" : "1016.7",
        "relationship" : "equivalent"
      }]
    },
    {
      "code" : "21258",
      "target" : [{
        "code" : "202.0",
        "relationship" : "equivalent"
      }]
    },
    {
      "code" : "21262",
      "target" : [{
        "code" : "1018.3",
        "relationship" : "equivalent"
      }]
    },
    {
      "code" : "21261",
      "target" : [{
        "code" : "1017.5",
        "relationship" : "equivalent"
      }]
    },
    {
      "code" : "21264",
      "target" : [{
        "code" : "1311.5",
        "relationship" : "equivalent"
      }]
    },
    {
      "code" : "21263",
      "target" : [{
        "code" : "1312.3",
        "relationship" : "equivalent"
      }]
    },
    {
      "code" : "21272",
      "target" : [{
        "code" : "Novo",
        "relationship" : "equivalent"
      }]
    },
    {
      "code" : "21280",
      "target" : [{
        "code" : "Novo",
        "relationship" : "equivalent"
      }]
    },
    {
      "code" : "21321",
      "target" : [{
        "code" : "383.2",
        "relationship" : "equivalent"
      }]
    },
    {
      "code" : "21344",
      "target" : [{
        "code" : "1313.1",
        "relationship" : "equivalent"
      }]
    },
    {
      "code" : "21340",
      "target" : [{
        "code" : "1314.0",
        "relationship" : "equivalent"
      }]
    },
    {
      "code" : "21372",
      "target" : [{
        "code" : "209.7",
        "relationship" : "equivalent"
      }]
    },
    {
      "code" : "21369",
      "target" : [{
        "code" : "1301.8",
        "relationship" : "equivalent"
      }]
    },
    {
      "code" : "21370",
      "target" : [{
        "code" : "208.9",
        "relationship" : "equivalent"
      }]
    },
    {
      "code" : "21393",
      "target" : [{
        "code" : "1022.1",
        "relationship" : "equivalent"
      }]
    },
    {
      "code" : "21396",
      "target" : [{
        "code" : "390.5",
        "relationship" : "equivalent"
      }]
    },
    {
      "code" : "21401",
      "target" : [{
        "code" : "661.0",
        "relationship" : "equivalent"
      }]
    },
    {
      "code" : "21412",
      "target" : [{
        "code" : "1023.0",
        "relationship" : "equivalent"
      }]
    },
    {
      "code" : "21425",
      "target" : [{
        "code" : "396.4",
        "relationship" : "equivalent"
      }]
    },
    {
      "code" : "21435",
      "target" : [{
        "code" : "1024.8",
        "relationship" : "equivalent"
      }]
    },
    {
      "code" : "21438",
      "target" : [{
        "code" : "663.7",
        "relationship" : "equivalent"
      }]
    },
    {
      "code" : "21448",
      "target" : [{
        "code" : "1026.4",
        "relationship" : "equivalent"
      }]
    },
    {
      "code" : "21482",
      "target" : [{
        "code" : "Novo",
        "relationship" : "equivalent"
      }]
    },
    {
      "code" : "21516",
      "target" : [{
        "code" : "919.9",
        "relationship" : "equivalent"
      }]
    },
    {
      "code" : "21513",
      "target" : [{
        "code" : "1027.2",
        "relationship" : "equivalent"
      }]
    },
    {
      "code" : "21529",
      "target" : [{
        "code" : "408.1",
        "relationship" : "equivalent"
      }]
    },
    {
      "code" : "21539",
      "target" : [{
        "code" : "412.0",
        "relationship" : "equivalent"
      }]
    },
    {
      "code" : "21545",
      "target" : [{
        "code" : "542.8",
        "relationship" : "equivalent"
      }]
    },
    {
      "code" : "21554",
      "target" : [{
        "code" : "1029.9",
        "relationship" : "equivalent"
      }]
    },
    {
      "code" : "21589",
      "target" : [{
        "code" : "1315.8",
        "relationship" : "equivalent"
      }]
    },
    {
      "code" : "21587",
      "target" : [{
        "code" : "1032.9",
        "relationship" : "equivalent"
      }]
    },
    {
      "code" : "21609",
      "target" : [{
        "code" : "423.5",
        "relationship" : "equivalent"
      }]
    },
    {
      "code" : "21623",
      "target" : [{
        "code" : "428.6",
        "relationship" : "equivalent"
      }]
    },
    {
      "code" : "21620",
      "target" : [{
        "code" : "427.8",
        "relationship" : "equivalent"
      }]
    },
    {
      "code" : "21646",
      "target" : [{
        "code" : "670.0",
        "relationship" : "equivalent"
      }]
    },
    {
      "code" : "21665",
      "target" : [{
        "code" : "1036.1",
        "relationship" : "equivalent"
      }]
    },
    {
      "code" : "21638",
      "target" : [{
        "code" : "668.8",
        "relationship" : "equivalent"
      }]
    },
    {
      "code" : "21641",
      "target" : [{
        "code" : "669.6",
        "relationship" : "equivalent"
      }]
    },
    {
      "code" : "21724",
      "target" : [{
        "code" : "462.6",
        "relationship" : "equivalent"
      }]
    },
    {
      "code" : "21775",
      "target" : [{
        "code" : "1038.8",
        "relationship" : "equivalent"
      }]
    },
    {
      "code" : "21777",
      "target" : [{
        "code" : "1039.6",
        "relationship" : "equivalent"
      }]
    },
    {
      "code" : "21240",
      "target" : [{
        "code" : "606.8",
        "relationship" : "equivalent"
      }]
    },
    {
      "code" : "21794",
      "target" : [{
        "code" : "673.4",
        "relationship" : "equivalent"
      }]
    },
    {
      "code" : "21809",
      "target" : [{
        "code" : "1041.8",
        "relationship" : "equivalent"
      }]
    },
    {
      "code" : "21875",
      "target" : [{
        "code" : "533.9",
        "relationship" : "equivalent"
      }]
    },
    {
      "code" : "21895",
      "target" : [{
        "code" : "483.9",
        "relationship" : "equivalent"
      }]
    },
    {
      "code" : "21906",
      "target" : [{
        "code" : "486.3",
        "relationship" : "equivalent"
      }]
    },
    {
      "code" : "21900",
      "target" : [{
        "code" : "484.7",
        "relationship" : "equivalent"
      }]
    },
    {
      "code" : "21074",
      "target" : [{
        "code" : "329.8",
        "relationship" : "equivalent"
      }]
    },
    {
      "code" : "21932",
      "target" : [{
        "code" : "491.0",
        "relationship" : "equivalent"
      }]
    },
    {
      "code" : "21929",
      "target" : [{
        "code" : "1045.0",
        "relationship" : "equivalent"
      }]
    },
    {
      "code" : "21935",
      "target" : [{
        "code" : "493.6",
        "relationship" : "equivalent"
      }]
    },
    {
      "code" : "21976",
      "target" : [{
        "code" : "499.5",
        "relationship" : "equivalent"
      }]
    },
    {
      "code" : "22035",
      "target" : [{
        "code" : "507.0",
        "relationship" : "equivalent"
      }]
    },
    {
      "code" : "21789",
      "target" : [{
        "code" : "1523.1",
        "relationship" : "equivalent"
      }]
    },
    {
      "code" : "22076",
      "target" : [{
        "code" : "1270.4",
        "relationship" : "equivalent"
      }]
    },
    {
      "code" : "22116",
      "target" : [{
        "code" : "1049.3",
        "relationship" : "equivalent"
      }]
    },
    {
      "code" : "22114",
      "target" : [{
        "code" : "526.6",
        "relationship" : "equivalent"
      }]
    },
    {
      "code" : "22121",
      "target" : [{
        "code" : "Novo",
        "relationship" : "equivalent"
      }]
    },
    {
      "code" : "22125",
      "target" : [{
        "code" : "525.8",
        "relationship" : "equivalent"
      }]
    },
    {
      "code" : "22140",
      "target" : [{
        "code" : "1317.4",
        "relationship" : "equivalent"
      }]
    },
    {
      "code" : "22151",
      "target" : [{
        "code" : "531.2",
        "relationship" : "equivalent"
      }]
    },
    {
      "code" : "22154",
      "target" : [{
        "code" : "529.0",
        "relationship" : "equivalent"
      }]
    },
    {
      "code" : "22213",
      "target" : [{
        "code" : "Novo",
        "relationship" : "equivalent"
      }]
    },
    {
      "code" : "22220",
      "target" : [{
        "code" : "1051.5",
        "relationship" : "equivalent"
      }]
    },
    {
      "code" : "22223",
      "target" : [{
        "code" : "730.7",
        "relationship" : "equivalent"
      }]
    },
    {
      "code" : "22226",
      "target" : [{
        "code" : "716.1",
        "relationship" : "equivalent"
      }]
    },
    {
      "code" : "22238",
      "target" : [{
        "code" : "681.5",
        "relationship" : "equivalent"
      }]
    },
    {
      "code" : "22244",
      "target" : [{
        "code" : "686.6",
        "relationship" : "equivalent"
      }]
    },
    {
      "code" : "22250",
      "target" : [{
        "code" : "692.0",
        "relationship" : "equivalent"
      }]
    },
    {
      "code" : "22253",
      "target" : [{
        "code" : "1053.1",
        "relationship" : "equivalent"
      }]
    },
    {
      "code" : "22280",
      "target" : [{
        "code" : "688.2",
        "relationship" : "equivalent"
      }]
    },
    {
      "code" : "22271",
      "target" : [{
        "code" : "535.5",
        "relationship" : "equivalent"
      }]
    },
    {
      "code" : "22298",
      "target" : [{
        "code" : "333.6",
        "relationship" : "equivalent"
      }]
    },
    {
      "code" : "22329",
      "target" : [{
        "code" : "547.9",
        "relationship" : "equivalent"
      }]
    },
    {
      "code" : "22340",
      "target" : [{
        "code" : "1055.8",
        "relationship" : "equivalent"
      }]
    },
    {
      "code" : "21835",
      "target" : [{
        "code" : "1042.6",
        "relationship" : "equivalent"
      }]
    },
    {
      "code" : "22347",
      "target" : [{
        "code" : "552.5",
        "relationship" : "equivalent"
      }]
    },
    {
      "code" : "22357",
      "target" : [{
        "code" : "553.3",
        "relationship" : "equivalent"
      }]
    },
    {
      "code" : "22400",
      "target" : [{
        "code" : "557.6",
        "relationship" : "equivalent"
      }]
    },
    {
      "code" : "22413",
      "target" : [{
        "code" : "690.4",
        "relationship" : "equivalent"
      }]
    },
    {
      "code" : "22410",
      "target" : [{
        "code" : "672.6",
        "relationship" : "equivalent"
      }]
    },
    {
      "code" : "22461",
      "target" : [{
        "code" : "106.6",
        "relationship" : "equivalent"
      }]
    },
    {
      "code" : "22508",
      "target" : [{
        "code" : "Novo",
        "relationship" : "equivalent"
      }]
    },
    {
      "code" : "22521",
      "target" : [{
        "code" : "572.0",
        "relationship" : "equivalent"
      }]
    },
    {
      "code" : "22581",
      "target" : [{
        "code" : "577.0",
        "relationship" : "equivalent"
      }]
    },
    {
      "code" : "22608",
      "target" : [{
        "code" : "631.9",
        "relationship" : "equivalent"
      }]
    },
    {
      "code" : "22612",
      "target" : [{
        "code" : "589.4",
        "relationship" : "equivalent"
      }]
    },
    {
      "code" : "22617",
      "target" : [{
        "code" : "591.6",
        "relationship" : "equivalent"
      }]
    },
    {
      "code" : "22642",
      "target" : [{
        "code" : "696.3",
        "relationship" : "equivalent"
      }]
    },
    {
      "code" : "22647",
      "target" : [{
        "code" : "697.1",
        "relationship" : "equivalent"
      }]
    },
    {
      "code" : "22606",
      "target" : [{
        "code" : "Novo",
        "relationship" : "equivalent"
      }]
    },
    {
      "code" : "22671",
      "target" : [{
        "code" : "292.5",
        "relationship" : "equivalent"
      }]
    },
    {
      "code" : "22669",
      "target" : [{
        "code" : "291.7",
        "relationship" : "equivalent"
      }]
    },
    {
      "code" : "22673",
      "target" : [{
        "code" : "715.3",
        "relationship" : "equivalent"
      }]
    },
    {
      "code" : "22682",
      "target" : [{
        "code" : "470.7",
        "relationship" : "equivalent"
      }]
    },
    {
      "code" : "22685",
      "target" : [{
        "code" : "471.5",
        "relationship" : "equivalent"
      }]
    },
    {
      "code" : "22679",
      "target" : [{
        "code" : "596.7",
        "relationship" : "equivalent"
      }]
    },
    {
      "code" : "22999",
      "target" : [{
        "code" : "639.4",
        "relationship" : "equivalent"
      }]
    },
    {
      "code" : "22715",
      "target" : [{
        "code" : "703.0",
        "relationship" : "equivalent"
      }]
    },
    {
      "code" : "22718",
      "target" : [{
        "code" : "710.2",
        "relationship" : "equivalent"
      }]
    },
    {
      "code" : "22085",
      "target" : [{
        "code" : "1048.5",
        "relationship" : "equivalent"
      }]
    },
    {
      "code" : "22752",
      "target" : [{
        "code" : "713.7",
        "relationship" : "equivalent"
      }]
    },
    {
      "code" : "22768",
      "target" : [{
        "code" : "607.6",
        "relationship" : "equivalent"
      }]
    },
    {
      "code" : "22793",
      "target" : [{
        "code" : "616.5",
        "relationship" : "equivalent"
      }]
    },
    {
      "code" : "22795",
      "target" : [{
        "code" : "729.3",
        "relationship" : "equivalent"
      }]
    },
    {
      "code" : "22823",
      "target" : [{
        "code" : "368.9",
        "relationship" : "equivalent"
      }]
    },
    {
      "code" : "22836",
      "target" : [{
        "code" : "725.0",
        "relationship" : "equivalent"
      }]
    },
    {
      "code" : "22839",
      "target" : [{
        "code" : "724.2",
        "relationship" : "equivalent"
      }]
    },
    {
      "code" : "22879",
      "target" : [{
        "code" : "727.7",
        "relationship" : "equivalent"
      }]
    },
    {
      "code" : "22897",
      "target" : [{
        "code" : "721.8",
        "relationship" : "equivalent"
      }]
    },
    {
      "code" : "22900",
      "target" : [{
        "code" : "720.0",
        "relationship" : "equivalent"
      }]
    },
    {
      "code" : "22907",
      "target" : [{
        "code" : "619.0",
        "relationship" : "equivalent"
      }]
    },
    {
      "code" : "22920",
      "target" : [{
        "code" : "620.3",
        "relationship" : "equivalent"
      }]
    },
    {
      "code" : "22925",
      "target" : [{
        "code" : "718.8",
        "relationship" : "equivalent"
      }]
    },
    {
      "code" : "22928",
      "target" : [{
        "code" : "717.0",
        "relationship" : "equivalent"
      }]
    },
    {
      "code" : "22946",
      "target" : [{
        "code" : "Novo",
        "relationship" : "equivalent"
      }]
    },
    {
      "code" : "22949",
      "target" : [{
        "code" : "625.4",
        "relationship" : "equivalent"
      }]
    },
    {
      "code" : "22960",
      "target" : [{
        "code" : "1064.7",
        "relationship" : "equivalent"
      }]
    },
    {
      "code" : "22954",
      "target" : [{
        "code" : "627.0",
        "relationship" : "equivalent"
      }]
    },
    {
      "code" : "21104",
      "target" : [{
        "code" : "339.5",
        "relationship" : "equivalent"
      }]
    },
    {
      "code" : "21458",
      "target" : [{
        "code" : "634.3",
        "relationship" : "equivalent"
      }]
    },
    {
      "code" : "22992",
      "target" : [{
        "code" : "1302.6",
        "relationship" : "equivalent"
      }]
    },
    {
      "code" : "24337",
      "target" : [{
        "code" : "1083.3",
        "relationship" : "equivalent"
      }]
    },
    {
      "code" : "24410",
      "target" : [{
        "code" : "757.9",
        "relationship" : "equivalent"
      }]
    },
    {
      "code" : "24145",
      "target" : [{
        "code" : "1077.9",
        "relationship" : "equivalent"
      }]
    },
    {
      "code" : "24142",
      "target" : [{
        "code" : "1076.0",
        "relationship" : "equivalent"
      }]
    },
    {
      "code" : "24163",
      "target" : [{
        "code" : "1079.5",
        "relationship" : "equivalent"
      }]
    },
    {
      "code" : "24184",
      "target" : [{
        "code" : "084.1",
        "relationship" : "equivalent"
      }]
    },
    {
      "code" : "24187",
      "target" : [{
        "code" : "085.0",
        "relationship" : "equivalent"
      }]
    },
    {
      "code" : "24390",
      "target" : [{
        "code" : "090.6",
        "relationship" : "equivalent"
      }]
    },
    {
      "code" : "24197",
      "target" : [{
        "code" : "037.0",
        "relationship" : "equivalent"
      }]
    },
    {
      "code" : "24201",
      "target" : [{
        "code" : "1303.4",
        "relationship" : "equivalent"
      }]
    },
    {
      "code" : "24209",
      "target" : [{
        "code" : "1080.9",
        "relationship" : "equivalent"
      }]
    },
    {
      "code" : "24415",
      "target" : [{
        "code" : "Novo",
        "relationship" : "equivalent"
      }]
    },
    {
      "code" : "24316",
      "target" : [{
        "code" : "133.3",
        "relationship" : "equivalent"
      }]
    },
    {
      "code" : "24030",
      "target" : [{
        "code" : "025.6",
        "relationship" : "equivalent"
      }]
    },
    {
      "code" : "24380",
      "target" : [{
        "code" : "161.9",
        "relationship" : "equivalent"
      }]
    },
    {
      "code" : "24011",
      "target" : [{
        "code" : "016.7",
        "relationship" : "equivalent"
      }]
    },
    {
      "code" : "24023",
      "target" : [{
        "code" : "1067.1",
        "relationship" : "equivalent"
      }]
    },
    {
      "code" : "24055",
      "target" : [{
        "code" : "1304.2",
        "relationship" : "equivalent"
      }]
    },
    {
      "code" : "24043",
      "target" : [{
        "code" : "1070.1",
        "relationship" : "equivalent"
      }]
    },
    {
      "code" : "24077",
      "target" : [{
        "code" : "1073.6",
        "relationship" : "equivalent"
      }]
    },
    {
      "code" : "24101",
      "target" : [{
        "code" : "052.3",
        "relationship" : "equivalent"
      }]
    },
    {
      "code" : "24092",
      "target" : [{
        "code" : "049.3",
        "relationship" : "equivalent"
      }]
    },
    {
      "code" : "24260",
      "target" : [{
        "code" : "Novo",
        "relationship" : "equivalent"
      }]
    },
    {
      "code" : "24295",
      "target" : [{
        "code" : "965.2",
        "relationship" : "equivalent"
      }]
    },
    {
      "code" : "24297",
      "target" : [{
        "code" : "1081.7",
        "relationship" : "equivalent"
      }]
    },
    {
      "code" : "24298",
      "target" : [{
        "code" : "1082.5",
        "relationship" : "equivalent"
      }]
    },
    {
      "code" : "24347",
      "target" : [{
        "code" : "1086.8",
        "relationship" : "equivalent"
      }]
    },
    {
      "code" : "24359",
      "target" : [{
        "code" : "1087.6",
        "relationship" : "equivalent"
      }]
    },
    {
      "code" : "25023",
      "target" : [{
        "code" : "1097.3",
        "relationship" : "equivalent"
      }]
    },
    {
      "code" : "25424",
      "target" : [{
        "code" : "Novo",
        "relationship" : "equivalent"
      }]
    },
    {
      "code" : "25017",
      "target" : [{
        "code" : "180.5",
        "relationship" : "equivalent"
      }]
    },
    {
      "code" : "25019",
      "target" : [{
        "code" : "1093.0",
        "relationship" : "equivalent"
      }]
    },
    {
      "code" : "25357",
      "target" : [{
        "code" : "Novo",
        "relationship" : "equivalent"
      }]
    },
    {
      "code" : "25033",
      "target" : [{
        "code" : "Novo",
        "relationship" : "equivalent"
      }]
    },
    {
      "code" : "25041",
      "target" : [{
        "code" : "185.6",
        "relationship" : "equivalent"
      }]
    },
    {
      "code" : "25050",
      "target" : [{
        "code" : "Novo",
        "relationship" : "equivalent"
      }]
    },
    {
      "code" : "25048",
      "target" : [{
        "code" : "188.0",
        "relationship" : "equivalent"
      }]
    },
    {
      "code" : "25054",
      "target" : [{
        "code" : "190.2",
        "relationship" : "equivalent"
      }]
    },
    {
      "code" : "25057",
      "target" : [{
        "code" : "191.0",
        "relationship" : "equivalent"
      }]
    },
    {
      "code" : "25520",
      "target" : [{
        "code" : "182.1",
        "relationship" : "equivalent"
      }]
    },
    {
      "code" : "25440",
      "target" : [{
        "code" : "1305.0",
        "relationship" : "equivalent"
      }]
    },
    {
      "code" : "25550",
      "target" : [{
        "code" : "Novo",
        "relationship" : "equivalent"
      }]
    },
    {
      "code" : "25071",
      "target" : [{
        "code" : "1104.0",
        "relationship" : "equivalent"
      }]
    },
    {
      "code" : "25070",
      "target" : [{
        "code" : "1103.1",
        "relationship" : "equivalent"
      }]
    },
    {
      "code" : "25075",
      "target" : [{
        "code" : "1310.7",
        "relationship" : "equivalent"
      }]
    },
    {
      "code" : "25207",
      "target" : [{
        "code" : "295.0",
        "relationship" : "equivalent"
      }]
    },
    {
      "code" : "25206",
      "target" : [{
        "code" : "1107.4",
        "relationship" : "equivalent"
      }]
    },
    {
      "code" : "25083",
      "target" : [{
        "code" : "357.3",
        "relationship" : "equivalent"
      }]
    },
    {
      "code" : "25247",
      "target" : [{
        "code" : "1109.0",
        "relationship" : "equivalent"
      }]
    },
    {
      "code" : "25250",
      "target" : [{
        "code" : "1110.4",
        "relationship" : "equivalent"
      }]
    },
    {
      "code" : "25096",
      "target" : [{
        "code" : "398.0",
        "relationship" : "equivalent"
      }]
    },
    {
      "code" : "25119",
      "target" : [{
        "code" : "1106.6",
        "relationship" : "equivalent"
      }]
    },
    {
      "code" : "25120",
      "target" : [{
        "code" : "221.6",
        "relationship" : "equivalent"
      }]
    },
    {
      "code" : "25571",
      "target" : [{
        "code" : "1114.7",
        "relationship" : "equivalent"
      }]
    },
    {
      "code" : "25137",
      "target" : [{
        "code" : "229.1",
        "relationship" : "equivalent"
      }]
    },
    {
      "code" : "25185",
      "target" : [{
        "code" : "296.8",
        "relationship" : "equivalent"
      }]
    },
    {
      "code" : "25270",
      "target" : [{
        "code" : "251.8",
        "relationship" : "equivalent"
      }]
    },
    {
      "code" : "25258",
      "target" : [{
        "code" : "257.7",
        "relationship" : "equivalent"
      }]
    },
    {
      "code" : "25271",
      "target" : [{
        "code" : "252.6",
        "relationship" : "equivalent"
      }]
    },
    {
      "code" : "25272",
      "target" : [{
        "code" : "253.4",
        "relationship" : "equivalent"
      }]
    },
    {
      "code" : "25262",
      "target" : [{
        "code" : "1306.9",
        "relationship" : "equivalent"
      }]
    },
    {
      "code" : "25263",
      "target" : [{
        "code" : "Novo",
        "relationship" : "equivalent"
      }]
    },
    {
      "code" : "25265",
      "target" : [{
        "code" : "Novo",
        "relationship" : "equivalent"
      }]
    },
    {
      "code" : "25275",
      "target" : [{
        "code" : "1111.2",
        "relationship" : "equivalent"
      }]
    },
    {
      "code" : "25701",
      "target" : [{
        "code" : "1116.3",
        "relationship" : "equivalent"
      }]
    },
    {
      "code" : "25702",
      "target" : [{
        "code" : "1117.1",
        "relationship" : "equivalent"
      }]
    },
    {
      "code" : "25704",
      "target" : [{
        "code" : "1307.7",
        "relationship" : "equivalent"
      }]
    },
    {
      "code" : "25312",
      "target" : [{
        "code" : "1112.0",
        "relationship" : "equivalent"
      }]
    },
    {
      "code" : "26041",
      "target" : [{
        "code" : "1240.2",
        "relationship" : "equivalent"
      }]
    },
    {
      "code" : "26045",
      "target" : [{
        "code" : "1125.2",
        "relationship" : "equivalent"
      }]
    },
    {
      "code" : "26047",
      "target" : [{
        "code" : "1126.0",
        "relationship" : "equivalent"
      }]
    },
    {
      "code" : "26076",
      "target" : [{
        "code" : "1135.0",
        "relationship" : "equivalent"
      }]
    },
    {
      "code" : "26074",
      "target" : [{
        "code" : "1133.3",
        "relationship" : "equivalent"
      }]
    },
    {
      "code" : "26075",
      "target" : [{
        "code" : "1134.1",
        "relationship" : "equivalent"
      }]
    },
    {
      "code" : "26429",
      "target" : [{
        "code" : "Novo",
        "relationship" : "equivalent"
      }]
    },
    {
      "code" : "26431",
      "target" : [{
        "code" : "Novo",
        "relationship" : "equivalent"
      }]
    },
    {
      "code" : "26433",
      "target" : [{
        "code" : "Novo",
        "relationship" : "equivalent"
      }]
    },
    {
      "code" : "26479",
      "target" : [{
        "code" : "1159.7",
        "relationship" : "equivalent"
      }]
    },
    {
      "code" : "26481",
      "target" : [{
        "code" : "1160.0",
        "relationship" : "equivalent"
      }]
    },
    {
      "code" : "26483",
      "target" : [{
        "code" : "1161.9",
        "relationship" : "equivalent"
      }]
    },
    {
      "code" : "26485",
      "target" : [{
        "code" : "1162.7",
        "relationship" : "equivalent"
      }]
    },
    {
      "code" : "26486",
      "target" : [{
        "code" : "1261.5",
        "relationship" : "equivalent"
      }]
    },
    {
      "code" : "26489",
      "target" : [{
        "code" : "1164.3",
        "relationship" : "equivalent"
      }]
    },
    {
      "code" : "26491",
      "target" : [{
        "code" : "1165.1",
        "relationship" : "equivalent"
      }]
    },
    {
      "code" : "26487",
      "target" : [{
        "code" : "1163.5",
        "relationship" : "equivalent"
      }]
    },
    {
      "code" : "26170",
      "target" : [{
        "code" : "874.5",
        "relationship" : "equivalent"
      }]
    },
    {
      "code" : "26040",
      "target" : [{
        "code" : "837.0",
        "relationship" : "equivalent"
      }]
    },
    {
      "code" : "26006",
      "target" : [{
        "code" : "1308.5",
        "relationship" : "equivalent"
      }]
    },
    {
      "code" : "26019",
      "target" : [{
        "code" : "1122.8",
        "relationship" : "equivalent"
      }]
    },
    {
      "code" : "26022",
      "target" : [{
        "code" : "1123.6",
        "relationship" : "equivalent"
      }]
    },
    {
      "code" : "26010",
      "target" : [{
        "code" : "1120.1",
        "relationship" : "equivalent"
      }]
    },
    {
      "code" : "26012",
      "target" : [{
        "code" : "811.7",
        "relationship" : "equivalent"
      }]
    },
    {
      "code" : "26013",
      "target" : [{
        "code" : "1121.0",
        "relationship" : "equivalent"
      }]
    },
    {
      "code" : "26025",
      "target" : [{
        "code" : "1124.4",
        "relationship" : "equivalent"
      }]
    },
    {
      "code" : "26031",
      "target" : [{
        "code" : "1271.2",
        "relationship" : "equivalent"
      }]
    },
    {
      "code" : "26033",
      "target" : [{
        "code" : "1272.0",
        "relationship" : "equivalent"
      }]
    },
    {
      "code" : "26032",
      "target" : [{
        "code" : "1273.9",
        "relationship" : "equivalent"
      }]
    },
    {
      "code" : "26059",
      "target" : [{
        "code" : "1129.5",
        "relationship" : "equivalent"
      }]
    },
    {
      "code" : "26005",
      "target" : [{
        "code" : "753.6",
        "relationship" : "equivalent"
      }]
    },
    {
      "code" : "26271",
      "target" : [{
        "code" : "875.3",
        "relationship" : "equivalent"
      }]
    },
    {
      "code" : "26265",
      "target" : [{
        "code" : "879.6",
        "relationship" : "equivalent"
      }]
    },
    {
      "code" : "26268",
      "target" : [{
        "code" : "1146.5",
        "relationship" : "equivalent"
      }]
    },
    {
      "code" : "26276",
      "target" : [{
        "code" : "871.0",
        "relationship" : "equivalent"
      }]
    },
    {
      "code" : "26298",
      "target" : [{
        "code" : "853.2",
        "relationship" : "equivalent"
      }]
    },
    {
      "code" : "26252",
      "target" : [{
        "code" : "Novo",
        "relationship" : "equivalent"
      }]
    },
    {
      "code" : "26223",
      "target" : [{
        "code" : "1132.5",
        "relationship" : "equivalent"
      }]
    },
    {
      "code" : "26066",
      "target" : [{
        "code" : "856.7",
        "relationship" : "equivalent"
      }]
    },
    {
      "code" : "26069",
      "target" : [{
        "code" : "1130.9",
        "relationship" : "equivalent"
      }]
    },
    {
      "code" : "26507",
      "target" : [{
        "code" : "1321.2",
        "relationship" : "equivalent"
      }]
    },
    {
      "code" : "26508",
      "target" : [{
        "code" : "1322.0",
        "relationship" : "equivalent"
      }]
    },
    {
      "code" : "26179",
      "target" : [{
        "code" : "Novo",
        "relationship" : "equivalent"
      }]
    },
    {
      "code" : "26183",
      "target" : [{
        "code" : "1526.1",
        "relationship" : "equivalent"
      }]
    },
    {
      "code" : "26307",
      "target" : [{
        "code" : "1527.1",
        "relationship" : "equivalent"
      }]
    },
    {
      "code" : "26110",
      "target" : [{
        "code" : "1199.6",
        "relationship" : "equivalent"
      }]
    },
    {
      "code" : "26513",
      "target" : [{
        "code" : "1323.9",
        "relationship" : "equivalent"
      }]
    },
    {
      "code" : "26125",
      "target" : [{
        "code" : "1204.6",
        "relationship" : "equivalent"
      }]
    },
    {
      "code" : "26136",
      "target" : [{
        "code" : "1309.3",
        "relationship" : "equivalent"
      }]
    },
    {
      "code" : "26111",
      "target" : [{
        "code" : "746.3",
        "relationship" : "equivalent"
      }]
    },
    {
      "code" : "26135",
      "target" : [{
        "code" : "1201.1",
        "relationship" : "equivalent"
      }]
    },
    {
      "code" : "26134",
      "target" : [{
        "code" : "1213.5",
        "relationship" : "equivalent"
      }]
    },
    {
      "code" : "26133",
      "target" : [{
        "code" : "Novo",
        "relationship" : "equivalent"
      }]
    },
    {
      "code" : "26511",
      "target" : [{
        "code" : "1263.1",
        "relationship" : "equivalent"
      }]
    },
    {
      "code" : "26519",
      "target" : [{
        "code" : "1326.3",
        "relationship" : "equivalent"
      }]
    },
    {
      "code" : "26120",
      "target" : [{
        "code" : "1254.2",
        "relationship" : "equivalent"
      }]
    },
    {
      "code" : "26127",
      "target" : [{
        "code" : "1212.7",
        "relationship" : "equivalent"
      }]
    },
    {
      "code" : "26124",
      "target" : [{
        "code" : "1211.9",
        "relationship" : "equivalent"
      }]
    },
    {
      "code" : "26095",
      "target" : [{
        "code" : "756.0",
        "relationship" : "equivalent"
      }]
    },
    {
      "code" : "26269",
      "target" : [{
        "code" : "Novo",
        "relationship" : "equivalent"
      }]
    },
    {
      "code" : "26172",
      "target" : [{
        "code" : "1223.2",
        "relationship" : "equivalent"
      }]
    },
    {
      "code" : "26516",
      "target" : [{
        "code" : "1325.5",
        "relationship" : "equivalent"
      }]
    },
    {
      "code" : "26108",
      "target" : [{
        "code" : "1222.4",
        "relationship" : "equivalent"
      }]
    },
    {
      "code" : "26514",
      "target" : [{
        "code" : "1324.7",
        "relationship" : "equivalent"
      }]
    },
    {
      "code" : "26177",
      "target" : [{
        "code" : "1214.3",
        "relationship" : "equivalent"
      }]
    },
    {
      "code" : "26498",
      "target" : [{
        "code" : "1265.8",
        "relationship" : "equivalent"
      }]
    },
    {
      "code" : "26145",
      "target" : [{
        "code" : "1226.7",
        "relationship" : "equivalent"
      }]
    },
    {
      "code" : "26139",
      "target" : [{
        "code" : "1138.4",
        "relationship" : "equivalent"
      }]
    },
    {
      "code" : "26274",
      "target" : [{
        "code" : "Novo",
        "relationship" : "equivalent"
      }]
    },
    {
      "code" : "26153",
      "target" : [{
        "code" : "772.2",
        "relationship" : "equivalent"
      }]
    },
    {
      "code" : "26151",
      "target" : [{
        "code" : "1139.2",
        "relationship" : "equivalent"
      }]
    },
    {
      "code" : "26152",
      "target" : [{
        "code" : "1140.6",
        "relationship" : "equivalent"
      }]
    },
    {
      "code" : "26165",
      "target" : [{
        "code" : "773.0",
        "relationship" : "equivalent"
      }]
    },
    {
      "code" : "55057",
      "target" : [{
        "code" : "1169.4",
        "relationship" : "equivalent"
      }]
    },
    {
      "code" : "55137",
      "target" : [{
        "code" : "032.9",
        "relationship" : "equivalent"
      }]
    },
    {
      "code" : "55020",
      "target" : [{
        "code" : "1300.0",
        "relationship" : "equivalent"
      }]
    },
    {
      "code" : "55015",
      "target" : [{
        "code" : "062.0",
        "relationship" : "equivalent"
      }]
    },
    {
      "code" : "55045",
      "target" : [{
        "code" : "027.2",
        "relationship" : "equivalent"
      }]
    },
    {
      "code" : "55010",
      "target" : [{
        "code" : "079.5",
        "relationship" : "equivalent"
      }]
    }]
  }]
}