<?xml version="1.0" encoding="UTF-8"?>

<ConceptMap xmlns="http://hl7.org/fhir">
  <id value="sonho-discharge-destination-to-snomed"/>
  <text>
    <status value="generated"/><div xmlns="http://www.w3.org/1999/xhtml"><p class="res-header-id"><b>Narrativa gerada: ConceptMap sonho-discharge-destination-to-snomed</b></p><a name="sonho-discharge-destination-to-snomed"> </a><a name="hcsonho-discharge-destination-to-snomed"> </a><p>Mapeamento de (não especificado) para (não especificado)</p><br/><p><b>Grupo 1 </b>Mapeamento de <a href="CodeSystem-sonho-discharge-destination-cs.html">SONHO - Destinos de alta (2024)</a> to <code>http://snomed.info/sct</code> (SNOMED CT)</p><table class="grid"><tr><td><b>Código fonte</b></td><td><b>Relacionamento</b></td><td><b>Código de destino</b></td></tr><tr><td>13 (Alta do utente)</td><td><a href="http://hl7.org/fhir/R5/codesystem-concept-map-relationship.html#equivalent" title="equivalent">is equivalent to</a></td><td>58000006 (Patient discharge)</td></tr><tr><td>81 (Alta p/recusa cons.CSP até 24h)</td><td><a href="http://hl7.org/fhir/R5/codesystem-concept-map-relationship.html#equivalent" title="equivalent">is equivalent to</a></td><td>81</td></tr><tr><td>11 (Alta disciplinar)</td><td><a href="http://hl7.org/fhir/R5/codesystem-concept-map-relationship.html#equivalent" title="equivalent">is equivalent to</a></td><td>1258989004 (Patient disciplinary discharge (procedure))</td></tr><tr><td>6 (Alta do utente para autópsia)</td><td><a href="http://hl7.org/fhir/R5/codesystem-concept-map-relationship.html#equivalent" title="equivalent">is equivalent to</a></td><td>3133002 (Patient discharge, deceased, autopsy)</td></tr><tr><td>7 (Alta do utente, sem autópsia)</td><td><a href="http://hl7.org/fhir/R5/codesystem-concept-map-relationship.html#equivalent" title="equivalent">is equivalent to</a></td><td>79779006 (Patient discharge, deceased, no autopsy)</td></tr><tr><td>2 (Consulta externa)</td><td><a href="http://hl7.org/fhir/R5/codesystem-concept-map-relationship.html#equivalent" title="equivalent">is equivalent to</a></td><td>224885007 (Hospital consulting room)</td></tr><tr><td>10 (Alta contra parecer médico)</td><td><a href="http://hl7.org/fhir/R5/codesystem-concept-map-relationship.html#equivalent" title="equivalent">is equivalent to</a></td><td>225928004 (Patient self-discharge against medical advice)</td></tr><tr><td>12 (Cuidados de saúde primários)</td><td><a href="http://hl7.org/fhir/R5/codesystem-concept-map-relationship.html#equivalent" title="equivalent">is equivalent to</a></td><td>45131006 (Primary care hospital)</td></tr><tr><td>5 (Domicílio)</td><td><a href="http://hl7.org/fhir/R5/codesystem-concept-map-relationship.html#equivalent" title="equivalent">is equivalent to</a></td><td>264362003 (Dwelling)</td></tr><tr><td>3 (Internamento)</td><td><a href="http://hl7.org/fhir/R5/codesystem-concept-map-relationship.html#equivalent" title="equivalent">is equivalent to</a></td><td>440654001 (Inpatient environment (environment))</td></tr><tr><td>32 (Hospitalização domiciliária)</td><td><a href="http://hl7.org/fhir/R5/codesystem-concept-map-relationship.html#equivalent" title="equivalent">is equivalent to</a></td><td>1256098007 (Home hospitalization (qualifier value))</td></tr><tr><td>4 (Hospital de Dia)</td><td><a href="http://hl7.org/fhir/R5/codesystem-concept-map-relationship.html#equivalent" title="equivalent">is equivalent to</a></td><td>274516006 (Day hospital)</td></tr><tr><td>1 (Alta por abandono)</td><td><a href="http://hl7.org/fhir/R5/codesystem-concept-map-relationship.html#equivalent" title="equivalent">is equivalent to</a></td><td>34596002 (Patient discharge, elopement)</td></tr><tr><td>9 (Hospital Público)</td><td><a href="http://hl7.org/fhir/R5/codesystem-concept-map-relationship.html#equivalent" title="equivalent">is equivalent to</a></td><td>79993009 (Government hospital)</td></tr><tr><td>8 (Hospital Privado)</td><td><a href="http://hl7.org/fhir/R5/codesystem-concept-map-relationship.html#equivalent" title="equivalent">is equivalent to</a></td><td>309895006 (Private hospital)</td></tr></table></div>
  </text>
  <url value="https://hl7.pt/fhir/Terminologias/ConceptMap/sonho-discharge-destination-to-snomed"/>
  <version value="1.0.0"/>
  <name value="SONHODischargeDestinationToSNOMED"/>
  <title value="Mapeamento SONHO (Destinos de alta) para SNOMED CT"/>
  <status value="draft"/>
  <experimental value="true"/>
  <date value="2026-01-14"/>
  <publisher value="HL7 Portugal"/>
  <contact>
    <name value="HL7 Portugal"/>
    <telecom>
      <system value="url"/>
      <value value="http://hl7.pt"/>
    </telecom>
    <telecom>
      <system value="email"/>
      <value value="info@hl7.pt"/>
    </telecom>
  </contact>
  <contact>
    <name value="HL7 Portugal"/>
    <telecom>
      <system value="email"/>
      <value value="geral@hl7.pt"/>
      <use value="work"/>
    </telecom>
  </contact>
  <jurisdiction>
    <coding>
      <system value="urn:iso:std:iso:3166"/>
      <code value="PT"/>
      <display value="Portugal"/>
    </coding>
  </jurisdiction>
  <group>
    <source value="https://hl7.pt/fhir/CodeSystem/sonho-discharge-destination"/>
    <target value="http://snomed.info/sct"/>
    <element>
      <code value="13"/>
      <target>
        <code value="58000006"/>
        <relationship value="equivalent"/>
      </target>
    </element>
    <element>
      <code value="81"/>
      <target>
        <code value="81"/>
        <relationship value="equivalent"/>
      </target>
    </element>
    <element>
      <code value="11"/>
      <target>
        <code value="1258989004"/>
        <relationship value="equivalent"/>
      </target>
    </element>
    <element>
      <code value="6"/>
      <target>
        <code value="3133002"/>
        <relationship value="equivalent"/>
      </target>
    </element>
    <element>
      <code value="7"/>
      <target>
        <code value="79779006"/>
        <relationship value="equivalent"/>
      </target>
    </element>
    <element>
      <code value="2"/>
      <target>
        <code value="224885007"/>
        <relationship value="equivalent"/>
      </target>
    </element>
    <element>
      <code value="10"/>
      <target>
        <code value="225928004"/>
        <relationship value="equivalent"/>
      </target>
    </element>
    <element>
      <code value="12"/>
      <target>
        <code value="45131006"/>
        <relationship value="equivalent"/>
      </target>
    </element>
    <element>
      <code value="5"/>
      <target>
        <code value="264362003"/>
        <relationship value="equivalent"/>
      </target>
    </element>
    <element>
      <code value="3"/>
      <target>
        <code value="440654001"/>
        <relationship value="equivalent"/>
      </target>
    </element>
    <element>
      <code value="32"/>
      <target>
        <code value="1256098007"/>
        <relationship value="equivalent"/>
      </target>
    </element>
    <element>
      <code value="4"/>
      <target>
        <code value="274516006"/>
        <relationship value="equivalent"/>
      </target>
    </element>
    <element>
      <code value="1"/>
      <target>
        <code value="34596002"/>
        <relationship value="equivalent"/>
      </target>
    </element>
    <element>
      <code value="9"/>
      <target>
        <code value="79993009"/>
        <relationship value="equivalent"/>
      </target>
    </element>
    <element>
      <code value="8"/>
      <target>
        <code value="309895006"/>
        <relationship value="equivalent"/>
      </target>
    </element>
  </group>
</ConceptMap>