{
  "resourceType" : "ConceptMap",
  "id" : "ctc-unit-edqm",
  "text" : {
    "status" : "generated",
    "div" : "<div xmlns=\"http://www.w3.org/1999/xhtml\"><p class=\"res-header-id\"><b>Narrativa gerada: ConceptMap ctc-unit-edqm</b></p><a name=\"ctc-unit-edqm\"> </a><a name=\"hcctc-unit-edqm\"> </a><p>Mapeamento de (não especificado) para (não especificado)</p><br/><p><b>Grupo 1 </b>Mapeamento de <code>https://terminologias.hl7.pt/fhir/CodeSystem/cparm-units-presentation-cs</code> to <code>https://www.edqm.eu/en/</code></p><table class=\"grid\"><tr><td><b>Código fonte</b></td><td><b>Relacionamento</b></td><td><b>Código de destino</b></td></tr><tr><td>15001000</td><td><a href=\"http://hl7.org/fhir/R5/codesystem-concept-map-relationship.html#equivalent\" title=\"equivalent\">is equivalent to</a></td><td>15001000</td></tr><tr><td>15002000</td><td><a href=\"http://hl7.org/fhir/R5/codesystem-concept-map-relationship.html#equivalent\" title=\"equivalent\">is equivalent to</a></td><td>15002000</td></tr><tr><td>15004000</td><td><a href=\"http://hl7.org/fhir/R5/codesystem-concept-map-relationship.html#equivalent\" title=\"equivalent\">is equivalent to</a></td><td>15004000</td></tr><tr><td>15005000</td><td><a href=\"http://hl7.org/fhir/R5/codesystem-concept-map-relationship.html#equivalent\" title=\"equivalent\">is equivalent to</a></td><td>15005000</td></tr><tr><td>15006000</td><td><a href=\"http://hl7.org/fhir/R5/codesystem-concept-map-relationship.html#equivalent\" title=\"equivalent\">is equivalent to</a></td><td>15006000</td></tr><tr><td>15007000</td><td><a href=\"http://hl7.org/fhir/R5/codesystem-concept-map-relationship.html#equivalent\" title=\"equivalent\">is equivalent to</a></td><td>15007000</td></tr><tr><td>15008000</td><td><a href=\"http://hl7.org/fhir/R5/codesystem-concept-map-relationship.html#equivalent\" title=\"equivalent\">is equivalent to</a></td><td>15008000</td></tr><tr><td>15009000</td><td><a href=\"http://hl7.org/fhir/R5/codesystem-concept-map-relationship.html#equivalent\" title=\"equivalent\">is equivalent to</a></td><td>15009000</td></tr><tr><td>15011000</td><td><a href=\"http://hl7.org/fhir/R5/codesystem-concept-map-relationship.html#equivalent\" title=\"equivalent\">is equivalent to</a></td><td>15011000</td></tr><tr><td>15012000</td><td><a href=\"http://hl7.org/fhir/R5/codesystem-concept-map-relationship.html#equivalent\" title=\"equivalent\">is equivalent to</a></td><td>15012000</td></tr><tr><td>15013000</td><td><a href=\"http://hl7.org/fhir/R5/codesystem-concept-map-relationship.html#equivalent\" title=\"equivalent\">is equivalent to</a></td><td>15013000</td></tr><tr><td>15024000</td><td><a href=\"http://hl7.org/fhir/R5/codesystem-concept-map-relationship.html#equivalent\" title=\"equivalent\">is equivalent to</a></td><td>15024000</td></tr><tr><td>15016000</td><td><a href=\"http://hl7.org/fhir/R5/codesystem-concept-map-relationship.html#equivalent\" title=\"equivalent\">is equivalent to</a></td><td>15016000</td></tr><tr><td>15017000</td><td><a href=\"http://hl7.org/fhir/R5/codesystem-concept-map-relationship.html#equivalent\" title=\"equivalent\">is equivalent to</a></td><td>15017000</td></tr><tr><td>15018000</td><td><a href=\"http://hl7.org/fhir/R5/codesystem-concept-map-relationship.html#equivalent\" title=\"equivalent\">is equivalent to</a></td><td>15018000</td></tr><tr><td>−</td><td><a href=\"http://hl7.org/fhir/R5/codesystem-concept-map-relationship.html#equivalent\" title=\"equivalent\">is equivalent to</a></td><td>−</td></tr><tr><td>15021000</td><td><a href=\"http://hl7.org/fhir/R5/codesystem-concept-map-relationship.html#equivalent\" title=\"equivalent\">is equivalent to</a></td><td>15021000</td></tr><tr><td>15022000</td><td><a href=\"http://hl7.org/fhir/R5/codesystem-concept-map-relationship.html#equivalent\" title=\"equivalent\">is equivalent to</a></td><td>15022000</td></tr><tr><td>−</td><td><a href=\"http://hl7.org/fhir/R5/codesystem-concept-map-relationship.html#equivalent\" title=\"equivalent\">is equivalent to</a></td><td>−</td></tr><tr><td>15025000</td><td><a href=\"http://hl7.org/fhir/R5/codesystem-concept-map-relationship.html#equivalent\" title=\"equivalent\">is equivalent to</a></td><td>15025000</td></tr><tr><td>15026000</td><td><a href=\"http://hl7.org/fhir/R5/codesystem-concept-map-relationship.html#equivalent\" title=\"equivalent\">is equivalent to</a></td><td>15026000</td></tr><tr><td>−</td><td><a href=\"http://hl7.org/fhir/R5/codesystem-concept-map-relationship.html#equivalent\" title=\"equivalent\">is equivalent to</a></td><td>−</td></tr><tr><td>15029000</td><td><a href=\"http://hl7.org/fhir/R5/codesystem-concept-map-relationship.html#equivalent\" title=\"equivalent\">is equivalent to</a></td><td>15029000</td></tr><tr><td>15036000</td><td><a href=\"http://hl7.org/fhir/R5/codesystem-concept-map-relationship.html#equivalent\" title=\"equivalent\">is equivalent to</a></td><td>15036000</td></tr><tr><td>15037000</td><td><a href=\"http://hl7.org/fhir/R5/codesystem-concept-map-relationship.html#equivalent\" title=\"equivalent\">is equivalent to</a></td><td>15037000</td></tr><tr><td>15039000</td><td><a href=\"http://hl7.org/fhir/R5/codesystem-concept-map-relationship.html#equivalent\" title=\"equivalent\">is equivalent to</a></td><td>15039000</td></tr><tr><td>15041000</td><td><a href=\"http://hl7.org/fhir/R5/codesystem-concept-map-relationship.html#equivalent\" title=\"equivalent\">is equivalent to</a></td><td>15041000</td></tr><tr><td>15042000</td><td><a href=\"http://hl7.org/fhir/R5/codesystem-concept-map-relationship.html#equivalent\" title=\"equivalent\">is equivalent to</a></td><td>15042000</td></tr><tr><td>−</td><td><a href=\"http://hl7.org/fhir/R5/codesystem-concept-map-relationship.html#equivalent\" title=\"equivalent\">is equivalent to</a></td><td>−</td></tr><tr><td>−</td><td><a href=\"http://hl7.org/fhir/R5/codesystem-concept-map-relationship.html#equivalent\" title=\"equivalent\">is equivalent to</a></td><td>−</td></tr><tr><td>15045000</td><td><a href=\"http://hl7.org/fhir/R5/codesystem-concept-map-relationship.html#equivalent\" title=\"equivalent\">is equivalent to</a></td><td>15045000</td></tr><tr><td>−</td><td><a href=\"http://hl7.org/fhir/R5/codesystem-concept-map-relationship.html#equivalent\" title=\"equivalent\">is equivalent to</a></td><td>−</td></tr><tr><td>15051000</td><td><a href=\"http://hl7.org/fhir/R5/codesystem-concept-map-relationship.html#equivalent\" title=\"equivalent\">is equivalent to</a></td><td>15051000</td></tr><tr><td>15054000</td><td><a href=\"http://hl7.org/fhir/R5/codesystem-concept-map-relationship.html#equivalent\" title=\"equivalent\">is equivalent to</a></td><td>15054000</td></tr><tr><td>15056000</td><td><a href=\"http://hl7.org/fhir/R5/codesystem-concept-map-relationship.html#equivalent\" title=\"equivalent\">is equivalent to</a></td><td>15056000</td></tr><tr><td>15058000</td><td><a href=\"http://hl7.org/fhir/R5/codesystem-concept-map-relationship.html#equivalent\" title=\"equivalent\">is equivalent to</a></td><td>15058000</td></tr><tr><td>15015000</td><td><a href=\"http://hl7.org/fhir/R5/codesystem-concept-map-relationship.html#equivalent\" title=\"equivalent\">is equivalent to</a></td><td>15015000</td></tr><tr><td>15019000</td><td><a href=\"http://hl7.org/fhir/R5/codesystem-concept-map-relationship.html#equivalent\" title=\"equivalent\">is equivalent to</a></td><td>15019000</td></tr><tr><td>15023000</td><td><a href=\"http://hl7.org/fhir/R5/codesystem-concept-map-relationship.html#equivalent\" title=\"equivalent\">is equivalent to</a></td><td>15023000</td></tr><tr><td>15027000</td><td><a href=\"http://hl7.org/fhir/R5/codesystem-concept-map-relationship.html#equivalent\" title=\"equivalent\">is equivalent to</a></td><td>15027000</td></tr><tr><td>15028000</td><td><a href=\"http://hl7.org/fhir/R5/codesystem-concept-map-relationship.html#equivalent\" title=\"equivalent\">is equivalent to</a></td><td>15028000</td></tr><tr><td>15030000</td><td><a href=\"http://hl7.org/fhir/R5/codesystem-concept-map-relationship.html#equivalent\" title=\"equivalent\">is equivalent to</a></td><td>15030000</td></tr><tr><td>15031000</td><td><a href=\"http://hl7.org/fhir/R5/codesystem-concept-map-relationship.html#equivalent\" title=\"equivalent\">is equivalent to</a></td><td>15031000</td></tr><tr><td>15034000</td><td><a href=\"http://hl7.org/fhir/R5/codesystem-concept-map-relationship.html#equivalent\" title=\"equivalent\">is equivalent to</a></td><td>15034000</td></tr><tr><td>15035000</td><td><a href=\"http://hl7.org/fhir/R5/codesystem-concept-map-relationship.html#equivalent\" title=\"equivalent\">is equivalent to</a></td><td>15035000</td></tr><tr><td>15038000</td><td><a href=\"http://hl7.org/fhir/R5/codesystem-concept-map-relationship.html#equivalent\" title=\"equivalent\">is equivalent to</a></td><td>15038000</td></tr><tr><td>15040000</td><td><a href=\"http://hl7.org/fhir/R5/codesystem-concept-map-relationship.html#equivalent\" title=\"equivalent\">is equivalent to</a></td><td>15040000</td></tr><tr><td>15043000</td><td><a href=\"http://hl7.org/fhir/R5/codesystem-concept-map-relationship.html#equivalent\" title=\"equivalent\">is equivalent to</a></td><td>15043000</td></tr><tr><td>15044000</td><td><a href=\"http://hl7.org/fhir/R5/codesystem-concept-map-relationship.html#equivalent\" title=\"equivalent\">is equivalent to</a></td><td>15044000</td></tr><tr><td>15046000</td><td><a href=\"http://hl7.org/fhir/R5/codesystem-concept-map-relationship.html#equivalent\" title=\"equivalent\">is equivalent to</a></td><td>15046000</td></tr><tr><td>15047000</td><td><a href=\"http://hl7.org/fhir/R5/codesystem-concept-map-relationship.html#equivalent\" title=\"equivalent\">is equivalent to</a></td><td>15047000</td></tr><tr><td>15048000</td><td><a href=\"http://hl7.org/fhir/R5/codesystem-concept-map-relationship.html#equivalent\" title=\"equivalent\">is equivalent to</a></td><td>15048000</td></tr><tr><td>15049000</td><td><a href=\"http://hl7.org/fhir/R5/codesystem-concept-map-relationship.html#equivalent\" title=\"equivalent\">is equivalent to</a></td><td>15049000</td></tr><tr><td>15050000</td><td><a href=\"http://hl7.org/fhir/R5/codesystem-concept-map-relationship.html#equivalent\" title=\"equivalent\">is equivalent to</a></td><td>15050000</td></tr><tr><td>15052000</td><td><a href=\"http://hl7.org/fhir/R5/codesystem-concept-map-relationship.html#equivalent\" title=\"equivalent\">is equivalent to</a></td><td>15052000</td></tr><tr><td>15053000</td><td><a href=\"http://hl7.org/fhir/R5/codesystem-concept-map-relationship.html#equivalent\" title=\"equivalent\">is equivalent to</a></td><td>15053000</td></tr><tr><td>15055000</td><td><a href=\"http://hl7.org/fhir/R5/codesystem-concept-map-relationship.html#equivalent\" title=\"equivalent\">is equivalent to</a></td><td>15055000</td></tr><tr><td>15057000</td><td><a href=\"http://hl7.org/fhir/R5/codesystem-concept-map-relationship.html#equivalent\" title=\"equivalent\">is equivalent to</a></td><td>15057000</td></tr><tr><td>15060000</td><td><a href=\"http://hl7.org/fhir/R5/codesystem-concept-map-relationship.html#equivalent\" title=\"equivalent\">is equivalent to</a></td><td>15060000</td></tr><tr><td>15033000</td><td><a href=\"http://hl7.org/fhir/R5/codesystem-concept-map-relationship.html#equivalent\" title=\"equivalent\">is equivalent to</a></td><td>15033000</td></tr><tr><td>15062000</td><td><a href=\"http://hl7.org/fhir/R5/codesystem-concept-map-relationship.html#equivalent\" title=\"equivalent\">is equivalent to</a></td><td>15062000</td></tr><tr><td>15059000</td><td><a href=\"http://hl7.org/fhir/R5/codesystem-concept-map-relationship.html#equivalent\" title=\"equivalent\">is equivalent to</a></td><td>15059000</td></tr></table></div>"
  },
  "url" : "https://hl7.pt/fhir/Terminologias/ConceptMap/ctc-unit-edqm",
  "version" : "1.0.0",
  "name" : "CTCUnitEDQM",
  "title" : "Mapeamento de códigos CTC para unidades de apresentação para EDQM",
  "status" : "draft",
  "experimental" : true,
  "date" : "2024-12-11",
  "publisher" : "HL7 Portugal",
  "contact" : [{
    "name" : "HL7 Portugal",
    "telecom" : [{
      "system" : "url",
      "value" : "http://hl7.pt"
    },
    {
      "system" : "email",
      "value" : "info@hl7.pt"
    }]
  },
  {
    "name" : "HL7 Portugal",
    "telecom" : [{
      "system" : "email",
      "value" : "geral@hl7.pt",
      "use" : "work"
    }]
  }],
  "jurisdiction" : [{
    "coding" : [{
      "system" : "urn:iso:std:iso:3166",
      "code" : "PT",
      "display" : "Portugal"
    }]
  }],
  "group" : [{
    "source" : "https://terminologias.hl7.pt/fhir/CodeSystem/cparm-units-presentation-cs",
    "target" : "https://www.edqm.eu/en/",
    "element" : [{
      "code" : "15001000",
      "target" : [{
        "code" : "15001000",
        "relationship" : "equivalent"
      }]
    },
    {
      "code" : "15002000",
      "target" : [{
        "code" : "15002000",
        "relationship" : "equivalent"
      }]
    },
    {
      "code" : "15004000",
      "target" : [{
        "code" : "15004000",
        "relationship" : "equivalent"
      }]
    },
    {
      "code" : "15005000",
      "target" : [{
        "code" : "15005000",
        "relationship" : "equivalent"
      }]
    },
    {
      "code" : "15006000",
      "target" : [{
        "code" : "15006000",
        "relationship" : "equivalent"
      }]
    },
    {
      "code" : "15007000",
      "target" : [{
        "code" : "15007000",
        "relationship" : "equivalent"
      }]
    },
    {
      "code" : "15008000",
      "target" : [{
        "code" : "15008000",
        "relationship" : "equivalent"
      }]
    },
    {
      "code" : "15009000",
      "target" : [{
        "code" : "15009000",
        "relationship" : "equivalent"
      }]
    },
    {
      "code" : "15011000",
      "target" : [{
        "code" : "15011000",
        "relationship" : "equivalent"
      }]
    },
    {
      "code" : "15012000",
      "target" : [{
        "code" : "15012000",
        "relationship" : "equivalent"
      }]
    },
    {
      "code" : "15013000",
      "target" : [{
        "code" : "15013000",
        "relationship" : "equivalent"
      }]
    },
    {
      "code" : "15024000",
      "target" : [{
        "code" : "15024000",
        "relationship" : "equivalent"
      }]
    },
    {
      "code" : "15016000",
      "target" : [{
        "code" : "15016000",
        "relationship" : "equivalent"
      }]
    },
    {
      "code" : "15017000",
      "target" : [{
        "code" : "15017000",
        "relationship" : "equivalent"
      }]
    },
    {
      "code" : "15018000",
      "target" : [{
        "code" : "15018000",
        "relationship" : "equivalent"
      }]
    },
    {
      "code" : "−",
      "target" : [{
        "code" : "−",
        "relationship" : "equivalent"
      }]
    },
    {
      "code" : "15021000",
      "target" : [{
        "code" : "15021000",
        "relationship" : "equivalent"
      }]
    },
    {
      "code" : "15022000",
      "target" : [{
        "code" : "15022000",
        "relationship" : "equivalent"
      }]
    },
    {
      "code" : "−",
      "target" : [{
        "code" : "−",
        "relationship" : "equivalent"
      }]
    },
    {
      "code" : "15025000",
      "target" : [{
        "code" : "15025000",
        "relationship" : "equivalent"
      }]
    },
    {
      "code" : "15026000",
      "target" : [{
        "code" : "15026000",
        "relationship" : "equivalent"
      }]
    },
    {
      "code" : "−",
      "target" : [{
        "code" : "−",
        "relationship" : "equivalent"
      }]
    },
    {
      "code" : "15029000",
      "target" : [{
        "code" : "15029000",
        "relationship" : "equivalent"
      }]
    },
    {
      "code" : "15036000",
      "target" : [{
        "code" : "15036000",
        "relationship" : "equivalent"
      }]
    },
    {
      "code" : "15037000",
      "target" : [{
        "code" : "15037000",
        "relationship" : "equivalent"
      }]
    },
    {
      "code" : "15039000",
      "target" : [{
        "code" : "15039000",
        "relationship" : "equivalent"
      }]
    },
    {
      "code" : "15041000",
      "target" : [{
        "code" : "15041000",
        "relationship" : "equivalent"
      }]
    },
    {
      "code" : "15042000",
      "target" : [{
        "code" : "15042000",
        "relationship" : "equivalent"
      }]
    },
    {
      "code" : "−",
      "target" : [{
        "code" : "−",
        "relationship" : "equivalent"
      }]
    },
    {
      "code" : "−",
      "target" : [{
        "code" : "−",
        "relationship" : "equivalent"
      }]
    },
    {
      "code" : "15045000",
      "target" : [{
        "code" : "15045000",
        "relationship" : "equivalent"
      }]
    },
    {
      "code" : "−",
      "target" : [{
        "code" : "−",
        "relationship" : "equivalent"
      }]
    },
    {
      "code" : "15051000",
      "target" : [{
        "code" : "15051000",
        "relationship" : "equivalent"
      }]
    },
    {
      "code" : "15054000",
      "target" : [{
        "code" : "15054000",
        "relationship" : "equivalent"
      }]
    },
    {
      "code" : "15056000",
      "target" : [{
        "code" : "15056000",
        "relationship" : "equivalent"
      }]
    },
    {
      "code" : "15058000",
      "target" : [{
        "code" : "15058000",
        "relationship" : "equivalent"
      }]
    },
    {
      "code" : "15015000",
      "target" : [{
        "code" : "15015000",
        "relationship" : "equivalent"
      }]
    },
    {
      "code" : "15019000",
      "target" : [{
        "code" : "15019000",
        "relationship" : "equivalent"
      }]
    },
    {
      "code" : "15023000",
      "target" : [{
        "code" : "15023000",
        "relationship" : "equivalent"
      }]
    },
    {
      "code" : "15027000",
      "target" : [{
        "code" : "15027000",
        "relationship" : "equivalent"
      }]
    },
    {
      "code" : "15028000",
      "target" : [{
        "code" : "15028000",
        "relationship" : "equivalent"
      }]
    },
    {
      "code" : "15030000",
      "target" : [{
        "code" : "15030000",
        "relationship" : "equivalent"
      }]
    },
    {
      "code" : "15031000",
      "target" : [{
        "code" : "15031000",
        "relationship" : "equivalent"
      }]
    },
    {
      "code" : "15034000",
      "target" : [{
        "code" : "15034000",
        "relationship" : "equivalent"
      }]
    },
    {
      "code" : "15035000",
      "target" : [{
        "code" : "15035000",
        "relationship" : "equivalent"
      }]
    },
    {
      "code" : "15038000",
      "target" : [{
        "code" : "15038000",
        "relationship" : "equivalent"
      }]
    },
    {
      "code" : "15040000",
      "target" : [{
        "code" : "15040000",
        "relationship" : "equivalent"
      }]
    },
    {
      "code" : "15043000",
      "target" : [{
        "code" : "15043000",
        "relationship" : "equivalent"
      }]
    },
    {
      "code" : "15044000",
      "target" : [{
        "code" : "15044000",
        "relationship" : "equivalent"
      }]
    },
    {
      "code" : "15046000",
      "target" : [{
        "code" : "15046000",
        "relationship" : "equivalent"
      }]
    },
    {
      "code" : "15047000",
      "target" : [{
        "code" : "15047000",
        "relationship" : "equivalent"
      }]
    },
    {
      "code" : "15048000",
      "target" : [{
        "code" : "15048000",
        "relationship" : "equivalent"
      }]
    },
    {
      "code" : "15049000",
      "target" : [{
        "code" : "15049000",
        "relationship" : "equivalent"
      }]
    },
    {
      "code" : "15050000",
      "target" : [{
        "code" : "15050000",
        "relationship" : "equivalent"
      }]
    },
    {
      "code" : "15052000",
      "target" : [{
        "code" : "15052000",
        "relationship" : "equivalent"
      }]
    },
    {
      "code" : "15053000",
      "target" : [{
        "code" : "15053000",
        "relationship" : "equivalent"
      }]
    },
    {
      "code" : "15055000",
      "target" : [{
        "code" : "15055000",
        "relationship" : "equivalent"
      }]
    },
    {
      "code" : "15057000",
      "target" : [{
        "code" : "15057000",
        "relationship" : "equivalent"
      }]
    },
    {
      "code" : "15060000",
      "target" : [{
        "code" : "15060000",
        "relationship" : "equivalent"
      }]
    },
    {
      "code" : "15033000",
      "target" : [{
        "code" : "15033000",
        "relationship" : "equivalent"
      }]
    },
    {
      "code" : "15062000",
      "target" : [{
        "code" : "15062000",
        "relationship" : "equivalent"
      }]
    },
    {
      "code" : "15059000",
      "target" : [{
        "code" : "15059000",
        "relationship" : "equivalent"
      }]
    }]
  }]
}