<?xml version="1.0" encoding="UTF-8"?>

<ConceptMap xmlns="http://hl7.org/fhir">
  <id value="mcdts-d-m-nuclear-sns-conv"/>
  <text>
    <status value="generated"/><div xmlns="http://www.w3.org/1999/xhtml"><p class="res-header-id"><b>Narrativa gerada: ConceptMap mcdts-d-m-nuclear-sns-conv</b></p><a name="mcdts-d-m-nuclear-sns-conv"> </a><a name="hcmcdts-d-m-nuclear-sns-conv"> </a><p>Mapeamento de (não especificado) para (não especificado)</p><br/><p><b>Grupo 1 </b>Mapeamento de <code>https://terminologias.hl7.pt/fhir/CodeSystem/mcdts-d-m-nuclear-cs</code> to <code>https://www.acss.pt</code></p><table class="grid"><tr><td><b>Código fonte</b></td><td><b>Relacionamento</b></td><td><b>Código de destino</b></td></tr><tr><td>58015</td><td><a href="http://hl7.org/fhir/R5/codesystem-concept-map-relationship.html#equivalent" title="equivalent">is equivalent to</a></td><td>039.6</td></tr><tr><td>58020</td><td><a href="http://hl7.org/fhir/R5/codesystem-concept-map-relationship.html#equivalent" title="equivalent">is equivalent to</a></td><td>040.0</td></tr><tr><td>58050</td><td><a href="http://hl7.org/fhir/R5/codesystem-concept-map-relationship.html#equivalent" title="equivalent">is equivalent to</a></td><td>018.3</td></tr><tr><td>58100</td><td><a href="http://hl7.org/fhir/R5/codesystem-concept-map-relationship.html#equivalent" title="equivalent">is equivalent to</a></td><td>025.6</td></tr><tr><td>58105</td><td><a href="http://hl7.org/fhir/R5/codesystem-concept-map-relationship.html#equivalent" title="equivalent">is equivalent to</a></td><td>005.1</td></tr><tr><td>58115</td><td><a href="http://hl7.org/fhir/R5/codesystem-concept-map-relationship.html#equivalent" title="equivalent">is equivalent to</a></td><td>006.0</td></tr><tr><td>58120</td><td><a href="http://hl7.org/fhir/R5/codesystem-concept-map-relationship.html#equivalent" title="equivalent">is equivalent to</a></td><td>007.8</td></tr><tr><td>58125</td><td><a href="http://hl7.org/fhir/R5/codesystem-concept-map-relationship.html#equivalent" title="equivalent">is equivalent to</a></td><td>033.7</td></tr><tr><td>58130</td><td><a href="http://hl7.org/fhir/R5/codesystem-concept-map-relationship.html#equivalent" title="equivalent">is equivalent to</a></td><td>024.8</td></tr><tr><td>58150</td><td><a href="http://hl7.org/fhir/R5/codesystem-concept-map-relationship.html#equivalent" title="equivalent">is equivalent to</a></td><td>009.4</td></tr><tr><td>58200</td><td><a href="http://hl7.org/fhir/R5/codesystem-concept-map-relationship.html#equivalent" title="equivalent">is equivalent to</a></td><td>011.6</td></tr><tr><td>58205</td><td><a href="http://hl7.org/fhir/R5/codesystem-concept-map-relationship.html#equivalent" title="equivalent">is equivalent to</a></td><td>novo</td></tr><tr><td>58260</td><td><a href="http://hl7.org/fhir/R5/codesystem-concept-map-relationship.html#equivalent" title="equivalent">is equivalent to</a></td><td>012.4</td></tr><tr><td>58305</td><td><a href="http://hl7.org/fhir/R5/codesystem-concept-map-relationship.html#equivalent" title="equivalent">is equivalent to</a></td><td>027.2</td></tr><tr><td>58319</td><td><a href="http://hl7.org/fhir/R5/codesystem-concept-map-relationship.html#equivalent" title="equivalent">is equivalent to</a></td><td>028.0</td></tr><tr><td>58324</td><td><a href="http://hl7.org/fhir/R5/codesystem-concept-map-relationship.html#equivalent" title="equivalent">is equivalent to</a></td><td>029.9</td></tr><tr><td>58330</td><td><a href="http://hl7.org/fhir/R5/codesystem-concept-map-relationship.html#equivalent" title="equivalent">is equivalent to</a></td><td>novo</td></tr></table></div>
  </text>
  <url value="https://hl7.pt/fhir/Terminologias/ConceptMap/mcdts-d-m-nuclear-sns-conv"/>
  <version value="1.0.0"/>
  <name value="MCDTS-d-m-nuclear-SNS-CONV"/>
  <title value="Mapeamento de códigos SNS para códigos convencionados para Tabela Da Área D - Medicina Nuclear "/>
  <status value="draft"/>
  <experimental value="true"/>
  <date value="2024-12-11"/>
  <publisher value="HL7 Portugal"/>
  <contact>
    <name value="HL7 Portugal"/>
    <telecom>
      <system value="url"/>
      <value value="http://hl7.pt"/>
    </telecom>
    <telecom>
      <system value="email"/>
      <value value="info@hl7.pt"/>
    </telecom>
  </contact>
  <contact>
    <name value="HL7 Portugal"/>
    <telecom>
      <system value="email"/>
      <value value="geral@hl7.pt"/>
      <use value="work"/>
    </telecom>
  </contact>
  <jurisdiction>
    <coding>
      <system value="urn:iso:std:iso:3166"/>
      <code value="PT"/>
      <display value="Portugal"/>
    </coding>
  </jurisdiction>
  <group>
    <source value="https://terminologias.hl7.pt/fhir/CodeSystem/mcdts-d-m-nuclear-cs"/>
    <target value="https://www.acss.pt"/>
    <element>
      <code value="58015"/>
      <target>
        <code value="039.6"/>
        <relationship value="equivalent"/>
      </target>
    </element>
    <element>
      <code value="58020"/>
      <target>
        <code value="040.0"/>
        <relationship value="equivalent"/>
      </target>
    </element>
    <element>
      <code value="58050"/>
      <target>
        <code value="018.3"/>
        <relationship value="equivalent"/>
      </target>
    </element>
    <element>
      <code value="58100"/>
      <target>
        <code value="025.6"/>
        <relationship value="equivalent"/>
      </target>
    </element>
    <element>
      <code value="58105"/>
      <target>
        <code value="005.1"/>
        <relationship value="equivalent"/>
      </target>
    </element>
    <element>
      <code value="58115"/>
      <target>
        <code value="006.0"/>
        <relationship value="equivalent"/>
      </target>
    </element>
    <element>
      <code value="58120"/>
      <target>
        <code value="007.8"/>
        <relationship value="equivalent"/>
      </target>
    </element>
    <element>
      <code value="58125"/>
      <target>
        <code value="033.7"/>
        <relationship value="equivalent"/>
      </target>
    </element>
    <element>
      <code value="58130"/>
      <target>
        <code value="024.8"/>
        <relationship value="equivalent"/>
      </target>
    </element>
    <element>
      <code value="58150"/>
      <target>
        <code value="009.4"/>
        <relationship value="equivalent"/>
      </target>
    </element>
    <element>
      <code value="58200"/>
      <target>
        <code value="011.6"/>
        <relationship value="equivalent"/>
      </target>
    </element>
    <element>
      <code value="58205"/>
      <target>
        <code value="novo"/>
        <relationship value="equivalent"/>
      </target>
    </element>
    <element>
      <code value="58260"/>
      <target>
        <code value="012.4"/>
        <relationship value="equivalent"/>
      </target>
    </element>
    <element>
      <code value="58305"/>
      <target>
        <code value="027.2"/>
        <relationship value="equivalent"/>
      </target>
    </element>
    <element>
      <code value="58319"/>
      <target>
        <code value="028.0"/>
        <relationship value="equivalent"/>
      </target>
    </element>
    <element>
      <code value="58324"/>
      <target>
        <code value="029.9"/>
        <relationship value="equivalent"/>
      </target>
    </element>
    <element>
      <code value="58330"/>
      <target>
        <code value="novo"/>
        <relationship value="equivalent"/>
      </target>
    </element>
  </group>
</ConceptMap>